Workbook

Sheet Index
A1: Table S1. Heat treatment DEGs in O. faveolata host -2>logFC>2; p<0.001
A2: Table S2. Heat treatment DEGs in O. faveolata host -2>logFC>2; p<0.01
A3: Table S3. Heat treatment DEGs in Symbiodinium A3 -2>logFC>2; p<0.001
A4: Table S4. Heat treatment DEGs in Symbiodinium A3 -2>logFC>2; p<0.01
A5: Table S5. Heat treatment DEGs in P. clivosa host -2>logFC>2; p<0.001
A6: Table S6. Heat treatment DEGs in P.clivosa host -2>logFC>2; p<0.01
A7: Table S7. Heat treatment DEGs in B. faviinorum -2>logFC>2; p<0.001
A8: Table S8. Heat treatment DEGs in B. faviinorum -2>logFC>2; p<0.01
A9: Table S9. Heat treatment DEGs in S. radians host -2>logFC>2; p<0.001
A10: Table S10. Heat treatment DEGs in S. radians host -2>logFC>2; p<0.01
A11: Table S11. Heat treatment DEGs in Breviolum B5 -2>logFC>2; p<0.001
A12: Table S12. Heat treatment DEGs in Breviolum B5 -2>logFC>2; p<0.01

Sheet TableS1
A1: Table S1 | Heat treatment DEGs in Orbicella faveolata host -2>logFC>2 padj<0.001. p value is obtained from a Wald test, and BH adjusted p-values are provided as padj (DESeq2).
A2: id | B2: baseMean | C2: log2FoldChange | D2: lfcSE | E2: stat | F2: pvalue | G2: padj | H2: KO | I2: Description | J2: GO
A3: TRINITY_DN133010_c0_g1 | B3: 268.5745 | C3: -25.110424 | D3: 4.7850673 | E3: -5.2476637 | F3: 1.5404015e-07 | G3: 3.8715618e-05 | H3: - | I3: - | J3: -
A4: TRINITY_DN209127_c0_g6 | B4: 42.653788 | C4: -9.216256 | D4: 1.5887831 | E4: -5.800827 | F4: 6.5988641e-09 | G4: 2.7746356e-06 | H4: - | I4: - | J4: -
A5: TRINITY_DN215574_c1_g1 | B5: 37.227242 | C5: -9.0821118 | D5: 1.5764716 | E5: -5.7610373 | F5: 8.3598548e-09 | G5: 3.3872612e-06 | H5: - | I5: - | J5: -
A6: TRINITY_DN214478_c0_g2 | B6: 20119.853 | C6: -9.0172137 | D6: 0.95707083 | E6: -9.4216786 | F6: 4.4393342e-21 | G6: 1.2903986e-17 | H6: - | I6: - | J6: -
A7: TRINITY_DN203261_c1_g1 | B7: 35.245765 | C7: -8.9771765 | D7: 1.5709409 | E7: -5.7145221 | F7: 1.1001276e-08 | G7: 4.2635012e-06 | H7: K06236 | I7: collagen | J7: -
A8: TRINITY_DN216889_c5_g2 | B8: 21217.981 | C8: -8.8854598 | D8: 0.97644837 | E8: -9.0997743 | F8: 9.051975e-20 | G8: 2.2413696e-16 | H8: - | I8: - | J8: -
A9: TRINITY_DN101348_c0_g2 | B9: 27.676423 | C9: -8.6186917 | D9: 1.5985006 | E9: -5.3917349 | F9: 6.9780656e-08 | G9: 2.0412064e-05 | H9: K19527 | I9: vacuolar sorting protein 13D | J9: -
A10: TRINITY_DN10408_c0_g3 | B10: 25.262238 | C10: -8.5124695 | D10: 1.611603 | E10: -5.2819892 | F10: 1.2778874e-07 | G10: 3.3113629e-05 | H10: - | I10: - | J10: -
A11: TRINITY_DN219930_c3_g13 | B11: 48.702017 | C11: -8.0379654 | D11: 1.5374638 | E11: -5.2280681 | F11: 1.7129045e-07 | G11: 4.2223765e-05 | H11: - | I11: - | J11: -
A12: TRINITY_DN82298_c0_g2 | B12: 488.75958 | C12: -8.0228644 | D12: 0.56707542 | E12: -14.147791 | F12: 1.9271676e-45 | G12: 2.5768158e-41 | H12: - | I12: - | J12: -
A13: TRINITY_DN332658_c0_g1 | B13: 853.28024 | C13: -7.8160198 | D13: 0.44626899 | E13: -17.514145 | F13: 1.1175236e-68 | G13: 7.4712041e-64 | H13: - | I13: - | J13: -
A14: TRINITY_DN68014_c0_g1 | B14: 1131.6922 | C14: -7.3204772 | D14: 1.0284064 | E14: -7.1182727 | F14: 1.0928795e-12 | G14: 1.1416322e-09 | H14: - | I14: - | J14: -
... A308: TRINITY_DN201178_c0_g1 | B308: 260.08825 | C308: 2.1854777 | D308: 0.44168954 | E308: 4.9479951 | F308: 7.4981792e-07 | G308: 0.0001509912 | H308: - | I308: - | J308: -
A309: TRINITY_DN180318_c0_g1 | B309: 121.94668 | C309: 2.1385791 | D309: 0.43275421 | E309: 4.9417868 | F309: 7.7409828e-07 | G309: 0.0001544846 | H309: - | J309: -
A310: TRINITY_DN204345_c1_g3 | B310: 178.38309 | C310: 2.0092063 | D310: 0.40718988 | E310: 4.9343227 | F310: 8.0429374e-07 | G310: 0.00015908597 | H310: - | I310: - | J310: -
A311: TRINITY_DN159737_c0_g1 | B311: 115.73399 | C311: 2.520542 | D311: 0.51191148 | E311: 4.9237849 | F311: 8.4886144e-07 | G311: 0.00016593752 | H311: - | I311: - | J311: -
A312: TRINITY_DN197353_c5_g6 | B312: 44.11581 | C312: 4.3144963 | D312: 0.87754938 | E312: 4.9165282 | F312: 8.809253e-07 | G312: 0.00017120425 | H312: K14554 | I312: - | J312: -
A313: TRINITY_DN211019_c4_g16 | B313: 89.75476 | C313: 2.3647647 | D313: 0.48178889 | E313: 4.9083005 | F313: 9.1869015e-07 | G313: 0.00017775817 | H313: - | I313: - | J313: -
A314: TRINITY_DN204380_c1_g1 | B314: 66.978882 | C314: 3.427965 | D314: 0.70084118 | E314: 4.8912152 | F314: 1.002153e-06 | G314: 0.00019088017 | H314: K06568 | I314: coreceptor activity involved in Wnt signaling pathway, planar cell polarity pathway | J314: -
A315: TRINITY_DN194275_c1_g1 | B315: 66.82365 | C315: 2.8099804 | D315: 0.57712256 | E315: 4.8689492 | F315: 1.1219323e-06 | G315: 0.00021010303 | H315: - | I315: - | J315: -
A316: TRINITY_DN203289_c5_g2 | B316: 257.63102 | C316: 2.4617103 | D316: 0.50689448 | E316: 4.8564552 | F316: 1.1950582e-06 | G316: 0.00022193227 | H316: - | I316: - | J316: -
A317: TRINITY_DN188500_c0_g1 | B317: 212.69656 | C317: 7.1799668 | D317: 1.4790523 | E317: 4.8544375 | F317: 1.2072894e-06 | G317: 0.000222965 | H317: K07424 | I317: heme binding | J317: GO:0001101,GO:0001516,GO:0001676,GO:0003008,GO:0003013,GO:0003018,GO:0003674,GO:0003824,GO:0004796,GO:0005575,GO:0005622,GO:0005623,GO:0005737,GO:0005783,GO:0005789,GO:0006082,GO:0006629,GO:0006631,GO:0006633,GO:0006636,GO:0006690,GO:0006692,GO:0006693,GO:0006873,GO:0008015,GO:0008150,GO:0008152,GO:0008610,GO:0009058,GO:0009636,GO:0009987,GO:0010033,GO:0012505,GO:0016020,GO:0016053,GO:0016491,GO:0016627,GO:0016628,GO:0016853,GO:0016860,GO:0019229,GO:0019369,GO:0019371,GO:0019725,GO:0019752,GO:0030002,GO:0030320,GO:0030644,GO:0031984,GO:0032501,GO:0032787,GO:0033559,GO:0033993,GO:0035150,GO:0035296,GO:0036134,GO:0042175,GO:0042221,GO:0042493,GO:0042592,GO:0043226,GO:0043227,GO:0043229,GO:0043231,GO:0043436,GO:0044057,GO:0044237,GO:0044238,GO:0044249,GO:0044255,GO:0044281,GO:0044283,GO:0044422,GO:0044424,GO:0044425,GO:0044432,GO:0044444,GO:0044446,GO:0044464,GO:0045471,GO:0045907,GO:0046394,GO:0046456,GO:0046457,GO:0046677,GO:0048518,GO:0048878,GO:0050789,GO:0050801,GO:0050880,GO:0050896,GO:0051239,GO:0051240,GO:0055064,GO:0055081,GO:0055082,GO:0055083,GO:0055114,GO:0065007,GO:0065008,GO:0070542,GO:0071704,GO:0072330,GO:0090066,GO:0097305,GO:0097746,GO:0098771,GO:0098827,GO:1901568,GO:1901570,GO:1901576,GO:1901700,GO:1903522,GO:1903524
A318: TRINITY_DN209774_c3_g1 | B318: 117.827 | C318: 2.3663113 | D318: 0.48887003 | E318: 4.840369 | F318: 1.2959829e-06 | G318: 0.00023803004 | H318: - | I318: - | J318: -
A319: TRINITY_DN196311_c0_g1 | B319: 25.550702 | C319: 7.7775301 | D319: 1.6094035 | E319: 4.8325545 | F319: 1.3479221e-06 | G319: 0.00024689131 | H319: - | I319: - | J319: -
A320: TRINITY_DN204930_c0_g1 | B320: 86.625461 | C320: 2.7094502 | D320: 0.56077264 | E320: 4.8316377 | F320: 1.3541453e-06 | G320: 0.00024735351 | H320: - | I320: - | J320: -
A321: TRINITY_DN179904_c1_g2 | B321: 50.287572 | C321: 3.0411576 | D321: 0.63082024 | E321: 4.8209576 | F321: 1.4287075e-06 | G321: 0.0002588516 | H321: K03158 | I321: - | J321: -
... A331: TRINITY_DN185508_c0_g1 | B331: 96.805792 | C331: 2.2630193 | D331: 0.47556351 | E331: 4.7586058 | F331: 1.9493475e-06 | G331: 0.00033416315 | H331: - | I331: - | J331: -
A332: TRINITY_DN142845_c0_g1 | B332: 40.577191 | C332: 3.9237159 | D332: 0.82571865 | E332: 4.7518799 | F332: 2.0153407e-06 | G332: 0.00034459233 | H332: - | J332: -
A333: TRINITY_DN216904_c2_g1 | B333: 42.043358 | C333: 3.6248249 | D333: 0.76296023 | E333: 4.751001 | F333: 2.024121e-06 | G333: 0.00034521074 | H333: - | I333: - | J333: -
A334: TRINITY_DN197755_c2_g10 | B334: 391.69992 | C334: 2.1964836 | D334: 0.46254606 | E334: 4.7486807 | F334: 2.0474786e-06 | G334: 0.00034830581 | H334: - | I334: iron assimilation by reduction and transport | J334: -
A335: TRINITY_DN167197_c0_g3 | B335: 29.059943 | C335: 4.4634341 | D335: 0.94153889 | E335: 4.7405733 | F335: 2.1311436e-06 | G335: 0.00036070279 | H335: - | I335: - | J335: -
A336: TRINITY_DN214928_c0_g5 | B336: 89.752491 | C336: 2.8326877 | D336: 0.59776263 | E336: 4.738817 | F336: 2.1496949e-06 | G336: 0.00036292386 | H336: - | I336: - | J336: -
A337: TRINITY_DN172750_c0_g2 | B337: 37.540306 | C337: 5.5194685 | D337: 1.1650058 | E337: 4.7377178 | F337: 2.161385e-06 | G337: 0.0003633152 | H337: - | I337: - | J337: -
A338: TRINITY_DN147572_c0_g1 | B338: 32.90054 | C338: 4.0582497 | D338: 0.86486006 | E338: 4.6923773 | F338: 2.7004848e-06 | G338: 0.00044016306 | H338: - | I338: - | J338: -
A339: TRINITY_DN209823_c0_g5 | B339: 40.70014 | C339: 3.4677498 | D339: 0.73908295 | E339: 4.691963 | F339: 2.7059609e-06 | G339: 0.00044016306 | H339: - | J339: -
A340: TRINITY_DN209252_c0_g3 | B340: 758.12345 | C340: 4.4122216 | D340: 0.9410473 | E340: 4.6886289 | F340: 2.7504164e-06 | G340: 0.00044578263 | H340: - | I340: - | J340: -
A341: TRINITY_DN118766_c0_g2 | B341: 43.943346 | C341: 4.1731897 | D341: 0.89050082 | E341: 4.6863402 | F341: 2.7813384e-06 | G341: 0.00044761362 | H341: K06568 | I341: - | J341: -
A342: TRINITY_DN206287_c2_g1 | B342: 163.05516 | C342: 2.0686916 | D342: 0.44214955 | E342: 4.6787147 | F342: 2.8867873e-06 | G342: 0.00045951468 | H342: K09310 | I342: - | J342: -
A343: TRINITY_DN219962_c3_g3 | B343: 81.576734 | C343: 2.6931164 | D343: 0.57715876 | E343: 4.6661621 | F343: 3.0687761e-06 | G343: 0.00048273653 | H343: - | I343: - | J343: -
A344: TRINITY_DN194638_c0_g5 | B344: 40.31171 | C344: 3.6783721 | D344: 0.78945713 | E344: 4.659369 | F344: 3.1718019e-06 | G344: 0.00049429095 | H344: - | I344: - | J344: -
A345: TRINITY_DN212480_c7_g3 | B345: 145.66328 | C345: 2.0271183 | D345: 0.43580504 | E345: 4.6514338 | F345: 3.2963515e-06 | G345: 0.00051131689 | H345: - | I345: - | J345: -
A346: TRINITY_DN197116_c4_g1 | B346: 31.937048 | C346: 3.8387782 | D346: 0.82803081 | E346: 4.636033 | F346: 3.5515924e-06 | G346: 0.00054584301 | H346: - | I346: - | J346: -
A347: TRINITY_DN124004_c0_g2 | B347: 50.407775 | C347: 3.3026308 | D347: 0.71262265 | E347: 4.6344735 | F347: 3.5784701e-06 | G347: 0.00054871243 | H347: - | I347: - | J347: -
A348: TRINITY_DN211065_c1_g2 | B348: 75.996597 | C348: 2.3621187 | D348: 0.51062518 | E348: 4.6259346 | F348: 3.7291301e-06 | G348: 0.0005705057 | H348: - | I348: Myb/SANT-like DNA-binding domain | J348: -
A349: TRINITY_DN199467_c3_g1 | B349: 62.434078 | C349: 2.7006179 | D349: 0.58467947 | E349: 4.6189717 | F349: 3.8564648e-06 | G349: 0.0005838712 | H349: K11167 | I349: retinol dehydrogenase activity | J349: GO:0003674,GO:0003824,GO:0004745,GO:0005575,GO:0005622,GO:0005623,GO:0005737,GO:0005783,GO:0005789,GO:0008150,GO:0008152,GO:0010522,GO:0010880,GO:0010959,GO:0012505,GO:0014801,GO:0016020,GO:0016491,GO:0016528,GO:0016529,GO:0016614,GO:0016616,GO:0031090,GO:0031984,GO:0032879,GO:0033017,GO:0034762,GO:0034765,GO:0042175,GO:0043226,GO:0043227,GO:0043229,GO:0043231,GO:0043269,GO:0044422,GO:0044424,GO:0044425,GO:0044432,GO:0044444,GO:0044446,GO:0044464,GO:0050789,GO:0050794,GO:0051049,GO:0051279,GO:0051282,GO:0051924,GO:0055114,GO:0060341,GO:0065007,GO:0065008,GO:0098588,GO:0098827,GO:1903169,GO:1904062
A350: TRINITY_DN204380_c3_g4 | B350: 30.600054 | C350: 4.3746842 | D350: 0.95134356 | E350: 4.5984272 | F350: 4.2569233e-06 | G350: 0.00063384545 | H350: - | I350: - | J350: -
A351: TRINITY_DN207100_c0_g10 | B351: 62.011237 | C351: 2.810716 | D351: 0.61446186 | E351: 4.5742725 | F351: 4.7787765e-06 | G351: 0.00069909213 | H351: - | I351: - | J351: -
A352: TRINITY_DN210288_c6_g1 | B352: 107.76313 | C352: 2.1337107 | D352: 0.4672534 | E352: 4.5664959 | F352: 4.9594473e-06 | G352: 0.00072223736 | H352: - | I352: - | J352: -
A353: TRINITY_DN212889_c1_g2 | B353: 176.78842 | C353: 2.0210128 | D353: 0.44441651 | E353: 4.5475647 | F353: 5.4270235e-06 | G353: 0.00078026593 | H353: - | J353: -
A354: TRINITY_DN207704_c2_g1 | B354: 112.1597 | C354: 2.2187084 | D354: 0.48866435 | E354: 4.5403525 | F354: 5.616025e-06 | G354: 0.00080398148 | H354: - | I354: - | J354: -
A355: TRINITY_DN218256_c2_g7 | B355: 149.94045 | C355: 2.0271623 | D355: 0.44660607 | E355: 4.5390389 | F355: 5.6511213e-06 | G355: 0.00080516865 | H355: K02583 | I355: - | J355: -
A356: TRINITY_DN141540_c0_g1 | B356: 86.743922 | C356: 2.4512248 | D356: 0.54012641 | E356: 4.5382428 | F356: 5.6724917e-06 | G356: 0.00080516865 | H356: - | I356: - | J356: -
A357: TRINITY_DN196289_c2_g2 | B357: 81.840553 | C357: 2.5704374 | D357: 0.56750761 | E357: 4.5293443 | F357: 5.9167014e-06 | G357: 0.00083805312 | H357: - | I357: - | J357: -
A358: TRINITY_DN155452_c0_g1 | B358: 64.509826 | C358: 3.3989115 | D358: 0.75067244 | E358: 4.5278224 | F358: 5.9594628e-06 | G358: 0.00084034013 | H358: K03479 | I358: sensory perception of sound | J358: -
A359: TRINITY_DN208495_c6_g1 | B359: 70.028644 | C359: 2.4069058 | D359: 0.53201461 | E359: 4.5241349 | F359: 6.0643044e-06 | G359: 0.00084640724 | H359: - | I359: - | J359: -
A360: TRINITY_DN197628_c1_g2 | B360: 78.706748 | C360: 2.3003286 | D360: 0.50889605 | E360: 4.5202328 | F360: 6.1771659e-06 | G360: 0.00085857469 | H360: - | I360: - | J360: -
A361: TRINITY_DN185525_c0_g1 | B361: 187.9934 | C361: 2.2675976 | D361: 0.5022871 | E361: 4.5145447 | F361: 6.3452941e-06 | G361: 0.00087647652 | H361: - | I361: - | J361: -
A362: TRINITY_DN195446_c10_g1 | B362: 30.142134 | C362: 5.1973508 | D362: 1.151531 | E362: 4.5134266 | F362: 6.3788533e-06 | G362: 0.00087929534 | H362: K19511 | I362: peroxidase activity | J362: -
A363: TRINITY_DN161074_c0_g1 | B363: 26.203146 | C363: 6.5331325 | D363: 1.4478495 | E363: 4.5123008 | F363: 6.4128141e-06 | G363: 0.00088215106 | H363: - | I363: - | J363: -
A364: TRINITY_DN119743_c0_g1 | B364: 53.129396 | C364: 3.3573903 | D364: 0.74589298 | E364: 4.5011689 | F364: 6.7580774e-06 | G364: 0.00092394942 | H364: K16353 | I364: cell adhesion | J364: GO:0001894,GO:0001895,GO:0002139,GO:0002141,GO:0002142,GO:0003008,GO:0003674,GO:0005488,GO:0005515,GO:0005518,GO:0005575,GO:0005576,GO:0005604,GO:0005622,GO:0005623,GO:0005737,GO:0005886,GO:0007275,GO:0007399,GO:0007423,GO:0007600,GO:0007605,GO:0008092,GO:0008150,GO:0008544,GO:0009888,GO:0009913,GO:0009987,GO:0016020,GO:0016324,GO:0017022,GO:0022008,GO:0030154,GO:0030182,GO:0030855,GO:0031012,GO:0031252,GO:0031253,GO:0031256,GO:0032420,GO:0032421,GO:0032501,GO:0032502,GO:0032589,GO:0032991,GO:0035315,GO:0042490,GO:0042592,GO:0042995,GO:0043005,GO:0043226,GO:0043583,GO:0044421,GO:0044422,GO:0044424,GO:0044425,GO:0044459,GO:0044463,GO:0044464,GO:0044877,GO:0045177,GO:0045494,GO:0045595,GO:0045596,GO:0048496,GO:0048513,GO:0048519,GO:0048523,GO:0048699,GO:0048731,GO:0048839,GO:0048856,GO:0048869,GO:0048871,GO:0050789,GO:0050793,GO:0050794,GO:0050877,GO:0050953,GO:0050954,GO:0051093,GO:0060113,GO:0060171,GO:0060249,GO:0060429,GO:0062023,GO:0065007,GO:0065008,GO:0071944,GO:0097458,GO:0098590,GO:0098858,GO:0098862,GO:0120025,GO:0120038
A365: TRINITY_DN198825_c0_g1 | B365: 92.849273 | C365: 2.126093 | D365: 0.47270061 | E365: 4.4977581 | F365: 6.8673752e-06 | G365: 0.00093697627 | H365: K01874 | I365: Belongs to the class-I aminoacyl-tRNA synthetase family | J365: GO:0003674,GO:0003824,GO:0004812,GO:0004825,GO:0005575,GO:0005622,GO:0005623,GO:0005737,GO:0005829,GO:0006082,GO:0006139,GO:0006399,GO:0006412,GO:0006418,GO:0006431,GO:0006518,GO:0006520,GO:0006725,GO:0006807,GO:0008150,GO:0008152,GO:0009058,GO:0009059,GO:0009987,GO:0010467,GO:0016070,GO:0016874,GO:0016875,GO:0017101,GO:0019538,GO:0019752,GO:0032991,GO:0034641,GO:0034645,GO:0034660,GO:0043038,GO:0043039,GO:0043043,GO:0043170,GO:0043436,GO:0043603,GO:0043604,GO:0044237,GO:0044238,GO:0044249,GO:0044260,GO:0044267,GO:0044271,GO:0044281,GO:0044424,GO:0044444,GO:0044464,GO:0046483,GO:0071704,GO:0090304,GO:0140098,GO:0140101,GO:1901360,GO:1901564,GO:1901566,GO:1901576
... A368: TRINITY_DN216698_c2_g2 | B368: 258.34578 | C368: 2.0138229 | D368: 0.44941237 | E368: 4.4810136 | F368: 7.4289384e-06 | G368: 0.00099531399 | H368: K19511 | I368: mannose binding | J368: GO:0000003,GO:0000139,GO:0001669,GO:0001890,GO:0001893,GO:0002080,GO:0002376,GO:0003006,GO:0003674,GO:0005215,GO:0005342,GO:0005575,GO:0005622,GO:0005623,GO:0005737,GO:0005739,GO:0005794,GO:0005886,GO:0005887,GO:0006082,GO:0006090,GO:0006810,GO:0006811,GO:0006820,GO:0006928,GO:0007154,GO:0007165,GO:0007166,GO:0007275,GO:0007565,GO:0007566,GO:0008028,GO:0008104,GO:0008150,GO:0008152,GO:0008509,GO:0008514,GO:0009653,GO:0009719,GO:0009725,GO:0009887,GO:0009888,GO:0009987,GO:0010033,GO:0010035,GO:0010038,GO:0010243,GO:0012505,GO:0012506,GO:0014070,GO:0014074,GO:0015075,GO:0015318,GO:0015711,GO:0015718,GO:0015849,GO:0016020,GO:0016021,GO:0016043,GO:0016477,GO:0019752,GO:0022411,GO:0022414,GO:0022617,GO:0022857,GO:0023052,GO:0030141,GO:0030198,GO:0030659,GO:0030667,GO:0031090,GO:0031224,GO:0031226,GO:0031410,GO:0031982,GO:0031984,GO:0032501,GO:0032502,GO:0032504,GO:0032787,GO:0033036,GO:0034220,GO:0034613,GO:0040011,GO:0042221,GO:0042383,GO:0042475,GO:0042476,GO:0043062,GO:0043226,GO:0043227,GO:0043229,GO:0043231,GO:0043434,GO:0043436,GO:0044237,GO:0044281,GO:0044422,GO:0044424,GO:0044425,GO:0044431,GO:0044433,GO:0044444,GO:0044446,GO:0044459,GO:0044464,GO:0044703,GO:0044706,GO:0045121,GO:0046683,GO:0046689,GO:0046697,GO:0046942,GO:0046943,GO:0048513,GO:0048608,GO:0048609,GO:0048731,GO:0048856,GO:0048870,GO:0050789,GO:0050794,GO:0050896,GO:0050900,GO:0051179,GO:0051234,GO:0051591,GO:0051641,GO:0051674,GO:0051704,GO:0051716,GO:0055085,GO:0060135,GO:0061458,GO:0065007,GO:0070727,GO:0071702,GO:0071704,GO:0071840,GO:0071944,GO:0072657,GO:0072659,GO:0097223,GO:0097708,GO:0098588,GO:0098589,GO:0098656,GO:0098791,GO:0098805,GO:0098857,GO:0099503,GO:1901652,GO:1901698,GO:1901700,GO:1903825,GO:1905039,GO:1990778

Sheet TableS2
A1: Table S2 | Heat treatment DEGs in Orbicella faveolata host -2>logFC>2 padj<0.01. p value is obtained from a Wald test, and BH adjusted p-values are provided as padj (DESeq2).
A2: id | B2: baseMean | C2: log2FoldChange | D2: lfcSE | E2: stat | F2: pvalue | G2: padj | H2: KO | I2: Description | J2: GO
A3: TRINITY_DN332658_c0_g1 | B3: 853.28024 | C3: -7.8160198 | D3: 0.44626899 | E3: -17.514145 | F3: 1.1175236e-68 | G3: 7.4712041e-64 | H3: - | I3: - | J3: -
A4: TRINITY_DN219930_c3_g12 | B4: 17189.452 | C4: -6.1423206 | D4: 0.41410311 | E4: -14.832829 | F4: 8.9864517e-50 | G4: 3.0039462e-45 | H4: - | I4: - | J4: -
A5: TRINITY_DN134730_c0_g1 | B5: 724.80479 | C5: -6.3391752 | D5: 0.43166796 | E5: -14.685304 | F5: 8.0074254e-49 | G5: 1.7844547e-44 | H5: - | I5: - | J5: -
A6: TRINITY_DN213821_c5_g11 | B6: 652.7618 | C6: -6.1424334 | D6: 0.42530586 | E6: -14.442391 | F6: 2.7995999e-47 | G6: 4.6791813e-43 | H6: - | I6: - | J6: -
A7: TRINITY_DN82298_c0_g2 | B7: 488.75958 | C7: -8.0228644 | D7: 0.56707542 | E7: -14.147791 | F7: 1.9271676e-45 | G7: 2.5768158e-41 | H7: - | I7: - | J7: -
A8: TRINITY_DN206197_c3_g9 | B8: 564.31166 | C8: -4.7257318 | D8: 0.3800276 | E8: -12.435233 | F8: 1.6824885e-35 | G8: 1.8747128e-31 | H8: - | I8: - | J8: -
A9: TRINITY_DN146551_c0_g1 | B9: 243.19211 | C9: -6.6302432 | D9: 0.55856638 | E9: -11.870108 | F9: 1.6924933e-32 | G9: 1.616452e-28 | H9: - | I9: - | J9: -
A10: TRINITY_DN204832_c1_g3 | B10: 443.8292 | C10: -4.9017353 | D10: 0.41483347 | E10: -11.816152 | F10: 3.2210352e-32 | G10: 2.6917789e-28 | H10: - | I10: - | J10: -
A11: TRINITY_DN134730_c0_g2 | B11: 280.06927 | C11: -5.048294 | D11: 0.44241059 | E11: -11.41088 | F11: 3.6897913e-30 | G11: 2.7408999e-26 | H11: - | I11: - | J11: -
A12: TRINITY_DN136985_c0_g4 | B12: 167.13953 | C12: -6.5847474 | D12: 0.62659617 | E12: -10.508758 | F12: 7.8723586e-26 | G12: 5.2630654e-22 | H12: - | I12: - | J12: -
A13: TRINITY_DN202268_c1_g1 | B13: 286.18119 | C13: -5.34492 | D13: 0.51404622 | E13: -10.397742 | F13: 2.538775e-25 | G13: 1.5429982e-21 | H13: - | I13: - | J13: -
A14: TRINITY_DN216688_c3_g3 | B14: 259.56683 | C14: -5.2253503 | D14: 0.50865607 | E14: -10.272855 | F14: 9.3398538e-25 | G14: 4.8031994e-21 | H14: K19501 | I14: anoctamin-7 | J14: -
... A280: TRINITY_DN209765_c1_g1 | B280: 274.83066 | C280: 3.0812941 | D280: 0.48124885 | E280: 6.4027045 | F280: 1.5264849e-10 | G280: 1.0742437e-07 | H280: - | I280: - | J280: -
A281: TRINITY_DN216535_c1_g1 | B281: 370.76929 | C281: 2.5462334 | D281: 0.3979635 | E281: 6.3981582 | F281: 1.5726235e-10 | G281: 1.0951848e-07 | H281: 0 | I281: Mab-21 | J281: 0
A282: TRINITY_DN157508_c1_g1 | B282: 93.221807 | C282: 3.2199267 | D282: 0.50477132 | E282: 6.3789812 | F282: 1.7826992e-10 | G282: 1.2161465e-07 | H282: - | I282: - | J282: -
A283: TRINITY_DN206242_c4_g4 | B283: 90.686728 | C283: 3.676883 | D283: 0.57713154 | E283: 6.3709619 | F283: 1.8784629e-10 | G283: 1.2685317e-07 | H283: - | I283: - | J283: -
A284: TRINITY_DN221098_c7_g5 | B284: 142.24057 | C284: 2.6584246 | D284: 0.42590608 | E284: 6.2418095 | F284: 4.3253769e-10 | G284: 2.6529639e-07 | H284: - | I284: - | J284: -
A285: TRINITY_DN217206_c0_g25 | B285: 364.83858 | C285: 2.8006016 | D285: 0.45023136 | E285: 6.220361 | F285: 4.9601246e-10 | G285: 3.0146284e-07 | H285: K02583 | I285: tumor necrosis factor receptor superfamily member 16 | J285: -
A286: TRINITY_DN185682_c0_g1 | B286: 266.68237 | C286: 3.0667185 | D286: 0.49424244 | E286: 6.2048871 | F286: 5.47362e-10 | G286: 3.2673113e-07 | H286: - | I286: - | J286: -
A287: TRINITY_DN221118_c1_g1 | B287: 240.57226 | C287: 3.268584 | D287: 0.52940968 | E287: 6.1740163 | F287: 6.6576657e-10 | G287: 3.9389225e-07 | H287: K06767 | I287: Immunoglobulin C-2 Type | J287: GO:0000902,GO:0003674,GO:0005488,GO:0005515,GO:0005575,GO:0005623,GO:0005886,GO:0005887,GO:0007155,GO:0007156,GO:0007275,GO:0007399,GO:0008150,GO:0009653,GO:0009987,GO:0016020,GO:0016021,GO:0016043,GO:0022008,GO:0022610,GO:0030030,GO:0030154,GO:0030182,GO:0031175,GO:0031224,GO:0031226,GO:0032501,GO:0032502,GO:0032989,GO:0032990,GO:0042802,GO:0044425,GO:0044459,GO:0044464,GO:0048468,GO:0048666,GO:0048699,GO:0048731,GO:0048812,GO:0048856,GO:0048858,GO:0048869,GO:0071840,GO:0071944,GO:0098609,GO:0098742,GO:0120036,GO:0120039
A288: TRINITY_DN220650_c4_g1 | B288: 1073.4354 | C288: 2.7054007 | D288: 0.43890495 | E288: 6.1639785 | F288: 7.0939599e-10 | G288: 4.1491163e-07 | H288: - | I288: - | J288: -
A289: TRINITY_DN55293_c0_g1 | B289: 62.278644 | C289: 4.2407688 | D289: 0.68809918 | E289: 6.1630197 | F289: 7.1370633e-10 | G289: 4.1491163e-07 | H289: - | I289: - | J289: -
A290: TRINITY_DN187917_c6_g5 | B290: 206.18279 | C290: 2.5611199 | D290: 0.41646881 | E290: 6.1496078 | F290: 7.7674796e-10 | G290: 4.4734331e-07 | H290: - | I290: - | J290: -
A291: TRINITY_DN176584_c0_g1 | B291: 260.97765 | C291: 2.9296428 | D291: 0.4774014 | E291: 6.1366448 | F291: 8.4282521e-10 | G291: 4.7751762e-07 | H291: - | I291: Collagen triple helix | J291: -
A292: TRINITY_DN218256_c2_g2 | B292: 186.71199 | C292: 2.4612949 | D292: 0.40148702 | E292: 6.1304471 | F292: 8.7632472e-10 | G292: 4.9232512e-07 | H292: K02583 | I292: Tumor necrosis factor receptor / nerve growth factor receptor repeats. | J292: -
A293: TRINITY_DN206836_c2_g5 | B293: 227.47214 | C293: 2.3554856 | D293: 0.3845191 | E293: 6.1257961 | F293: 9.0231284e-10 | G293: 5.0270104e-07 | H293: K21077 | I293: - | J293: -
... A341: TRINITY_DN196159_c0_g1 | B341: 78.842529 | C341: 2.8340587 | D341: 0.53131091 | E341: 5.3340871 | F341: 9.6026418e-08 | G341: 2.652829e-05 | H341: K05142 | I341: - | J341: -
A342: TRINITY_DN215853_c0_g4 | B342: 61.398783 | C342: 3.2208602 | D342: 0.60708144 | E342: 5.3054829 | F342: 1.1237511e-07 | G342: 3.02937e-05 | H342: K02583 | I342: Tumor necrosis factor receptor / nerve growth factor receptor repeats. | J342: 0
A343: TRINITY_DN175729_c0_g2 | B343: 102.01682 | C343: 2.8599802 | D343: 0.5395029 | E343: 5.3011397 | F343: 1.1508199e-07 | G343: 3.0775226e-05 | H343: - | I343: - | J343: -
A344: TRINITY_DN212486_c0_g8 | B344: 104.61112 | C344: 2.47389 | D344: 0.46783371 | E344: 5.2879686 | F344: 1.2368223e-07 | G344: 3.2554233e-05 | H344: - | I344: - | J344: -
A345: TRINITY_DN199955_c1_g1 | B345: 206.27998 | C345: 2.6815133 | D345: 0.50718215 | E345: 5.2870814 | F345: 1.2428335e-07 | G345: 3.2584171e-05 | H345: K06550,K06756,K06757,K06760 | I345: Cell adhesion molecule | J345: GO:0000003,GO:0000132,GO:0000226,GO:0000278,GO:0000902,GO:0000904,GO:0001101,GO:0001501,GO:0001558,GO:0001667,GO:0001932,GO:0002009,GO:0002064,GO:0002165,GO:0002252,GO:0002376,GO:0003007,GO:0003381,GO:0003382,GO:0003383,GO:0003384,GO:0003674,GO:0004888,GO:0005102,GO:0005178,GO:0005488,GO:0005509,GO:0005515,GO:0005575,GO:0005622,GO:0005623,GO:0005737,GO:0005768,GO:0005886,GO:0005887,GO:0005911,GO:0005912,GO:0005913,GO:0005918,GO:0005919,GO:0006582,GO:0006725,GO:0006928,GO:0006935,GO:0006950,GO:0006952,GO:0006955,GO:0006996,GO:0007010,GO:0007017,GO:0007043,GO:0007049,GO:0007154,GO:0007155,GO:0007156,GO:0007157,GO:0007158,GO:0007159,GO:0007160,GO:0007163,GO:0007165,GO:0007166,GO:0007167,GO:0007169,GO:0007173,GO:0007272,GO:0007275,GO:0007369,GO:0007399,GO:0007409,GO:0007411,GO:0007413,GO:0007417,GO:0007420,GO:0007424,GO:0007444,GO:0007507,GO:0007552,GO:0007560,GO:0007610,GO:0007617,GO:0007618,GO:0007619,GO:0008037,GO:0008038,GO:0008045,GO:0008049,GO:0008050,GO:0008092,GO:0008150,GO:0008152,GO:0008361,GO:0008366,GO:0009410,GO:0009605,GO:0009611,GO:0009636,GO:0009653,GO:0009719,GO:0009725,GO:0009790,GO:0009791,GO:0009792,GO:0009886,GO:0009887,GO:0009888,GO:0009893,GO:0009897,GO:0009966,GO:0009967,GO:0009986,GO:0009987,GO:0010001,GO:0010033,GO:0010243,GO:0010468,GO:0010604,GO:0010628,GO:0010646,GO:0010647,GO:0010720,GO:0010769,GO:0010770,GO:0010810,GO:0010811,GO:0010975,GO:0010976,GO:0012505,GO:0014070,GO:0014823,GO:0016020,GO:0016021,GO:0016043,GO:0016049,GO:0016319,GO:0016328,GO:0016358,GO:0016477,GO:0017154,GO:0018958,GO:0019098,GO:0019220,GO:0019222,GO:0019748,GO:0019904,GO:0019953,GO:0019991,GO:0021675,GO:0021682,GO:0021700,GO:0021782,GO:0022008,GO:0022402,GO:0022407,GO:0022409,GO:0022414,GO:0022603,GO:0022604,GO:0022607,GO:0022610,GO:0023051,GO:0023052,GO:0023056,GO:0030010,GO:0030016,GO:0030017,GO:0030029,GO:0030030,GO:0030048,GO:0030054,GO:0030154,GO:0030155,GO:0030165,GO:0030175,GO:0030182,GO:0030307,GO:0030424,GO:0030425,GO:0030426,GO:0030427,GO:0030506,GO:0030516,GO:0030673,GO:0030855,GO:0031099,GO:0031102,GO:0031103,GO:0031175,GO:0031224,GO:0031226,GO:0031252,GO:0031253,GO:0031256,GO:0031323,GO:0031344,GO:0031346,GO:0031399,GO:0031406,GO:0031410,GO:0031589,GO:0031960,GO:0031982,GO:0032101,GO:0032268,GO:0032501,GO:0032502,GO:0032504,GO:0032535,GO:0032589,GO:0032590,GO:0032809,GO:0032870,GO:0032879,GO:0032989,GO:0032990,GO:0033267,GO:0033554,GO:0033563,GO:0033564,GO:0033627,GO:0033631,GO:0033691,GO:0033993,GO:0034109,GO:0034329,GO:0034330,GO:0035006,GO:0035010,GO:0035011,GO:0035150,GO:0035151,GO:0035152,GO:0035239,GO:0035295,GO:0035690,GO:0036094,GO:0036477,GO:0038023,GO:0038127,GO:0040001,GO:0040007,GO:0040008,GO:0040011,GO:0040012,GO:0042063,GO:0042074,GO:0042221,GO:0042325,GO:0042330,GO:0042440,GO:0042493,GO:0042734,GO:0042802,GO:0042995,GO:0043005,GO:0043025,GO:0043167,GO:0043168,GO:0043169,GO:0043177,GO:0043195,GO:0043200,GO:0043226,GO:0043227,GO:0043228,GO:0043229,GO:0043232,GO:0043292,GO:0043296,GO:0043297,GO:0043408,GO:0043621,GO:0043679,GO:0044085,GO:0044237,GO:0044292,GO:0044294,GO:0044295,GO:0044297,GO:0044298,GO:0044304,GO:0044306,GO:0044422,GO:0044424,GO:0044425,GO:0044444,GO:0044449,GO:0044456,GO:0044459,GO:0044463,GO:0044464,GO:0044703,GO:0044877,GO:0045087,GO:0045121,GO:0045202,GO:0045216,GO:0045471,GO:0045595,GO:0045597,GO:0045664,GO:0045666,GO:0045773,GO:0045785,GO:0045924,GO:0045927,GO:0046677,GO:0046872,GO:0048036,GO:0048468,GO:0048513,GO:0048518,GO:0048522,GO:0048545,GO:0048563,GO:0048569,GO:0048583,GO:0048584,GO:0048588,GO:0048589,GO:0048598,GO:0048609,GO:0048638,GO:0048639,GO:0048666,GO:0048667,GO:0048675,GO:0048678,GO:0048699,GO:0048707,GO:0048729,GO:0048731,GO:0048812,GO:0048813,GO:0048814,GO:0048856,GO:0048858,GO:0048869,GO:0048870,GO:0050767,GO:0050769,GO:0050770,GO:0050772,GO:0050773,GO:0050775,GO:0050789,GO:0050793,GO:0050794,GO:0050808,GO:0050839,GO:0050848,GO:0050850,GO:0050896,GO:0050900,GO:0050920,GO:0051094,GO:0051128,GO:0051130,GO:0051171,GO:0051174,GO:0051179,GO:0051216,GO:0051234,GO:0051239,GO:0051240,GO:0051246,GO:0051270,GO:0051293,GO:0051294,GO:0051384,GO:0051640,GO:0051641,GO:0051649,GO:0051653,GO:0051656,GO:0051674,GO:0051704,GO:0051716,GO:0051960,GO:0051962,GO:0060089,GO:0060179,GO:0060180,GO:0060255,GO:0060284,GO:0060322,GO:0060429,GO:0060536,GO:0060541,GO:0060560,GO:0060562,GO:0060856,GO:0060857,GO:0061343,GO:0061387,GO:0061448,GO:0061564,GO:0065007,GO:0065008,GO:0070160,GO:0070161,GO:0070252,GO:0070372,GO:0070593,GO:0070848,GO:0070887,GO:0071229,GO:0071230,GO:0071236,GO:0071310,GO:0071361,GO:0071363,GO:0071383,GO:0071384,GO:0071385,GO:0071396,GO:0071407,GO:0071417,GO:0071466,GO:0071495,GO:0071526,GO:0071542,GO:0071548,GO:0071549,GO:0071559,GO:0071560,GO:0071695,GO:0071704,GO:0071840,GO:0071944,GO:0072359,GO:0072499,GO:0080090,GO:0090066,GO:0097060,GO:0097066,GO:0097067,GO:0097068,GO:0097069,GO:0097237,GO:0097305,GO:0097306,GO:0097327,GO:0097367,GO:0097447,GO:0097458,GO:0097485,GO:0097708,GO:0098552,GO:0098589,GO:0098590,GO:0098609,GO:0098742,GO:0098793,GO:0098805,GO:0098857,GO:0098858,GO:0099080,GO:0099081,GO:0099512,GO:0106030,GO:0120025,GO:0120035,GO:0120036,GO:0120038,GO:0120039,GO:0150034,GO:1900006,GO:1901360,GO:1901615,GO:1901654,GO:1901655,GO:1901698,GO:1901699,GO:1901700,GO:1901701,GO:1902531,GO:1902533,GO:1902667,GO:1902850,GO:1903047,GO:1903859,GO:1904386,GO:1904387,GO:1990089,GO:1990090,GO:1990138,GO:2000026
A346: TRINITY_DN207874_c0_g5 | B346: 90.779499 | C346: 2.6663614 | D346: 0.50509259 | E346: 5.2789558 | F346: 1.2992214e-07 | G346: 3.3536465e-05 | H346: - | I346: - | J346: -
A347: TRINITY_DN186268_c0_g2 | B347: 145.22284 | C347: 2.2115662 | D347: 0.42065425 | E347: 5.257444 | F347: 1.4607136e-07 | G347: 3.6851323e-05 | H347: - | I347: - | J347: -
A348: TRINITY_DN177596_c1_g2 | B348: 67.814579 | C348: 2.951142 | D348: 0.56249703 | E348: 5.2465024 | F348: 1.550138e-07 | G348: 3.881441e-05 | H348: K03158 | I348: - | J348: -
A349: TRINITY_DN213457_c1_g6 | B349: 359.12489 | C349: 2.5799913 | D349: 0.49267919 | E349: 5.2366557 | F349: 1.6351235e-07 | G349: 4.0702683e-05 | H349: K13912 | I349: - | J349: -
A350: TRINITY_DN463772_c0_g1 | B350: 86.814168 | C350: 3.2286445 | D350: 0.61661807 | E350: 5.2360523 | F350: 1.6404745e-07 | G350: 4.0702683e-05 | H350: - | I350: - | J350: -
A351: TRINITY_DN191087_c2_g2 | B351: 76.828511 | C351: 2.9821722 | D351: 0.56958678 | E351: 5.2356767 | F351: 1.6438149e-07 | G351: 4.0702683e-05 | H351: - | I351: - | J351: -
A352: TRINITY_DN219460_c3_g3 | B352: 146.92741 | C352: 2.146964 | D352: 0.41272626 | E352: 5.2019079 | F352: 1.9725297e-07 | G352: 4.7780244e-05 | H352: - | I352: - | J352: -
A353: TRINITY_DN211075_c2_g4 | B353: 34.106179 | C353: 8.1942535 | D353: 1.5785914 | E353: 5.1908643 | F353: 2.0932017e-07 | G353: 5.0338488e-05 | H353: - | I353: - | J353: -
A354: TRINITY_DN155159_c0_g1 | B354: 77.091482 | C354: 3.2409026 | D354: 0.6326659 | E354: 5.122613 | F354: 3.0133032e-07 | G354: 6.8991228e-05 | H354: - | I354: - | J354: -
... A433: TRINITY_DN197080_c1_g2 | B433: 26.440367 | C433: 5.55396 | D433: 1.2512811 | E433: 4.4386191 | F433: 9.0537884e-06 | G433: 0.001166264 | H433: K17307,K22017 | I433: Mucin 4, cell surface associated | J433: -
A434: TRINITY_DN178774_c0_g3 | B434: 102.18613 | C434: 2.0391062 | D434: 0.45956343 | E434: 4.4370506 | F434: 9.1199857e-06 | G434: 0.001172532 | H434: 0 | I434: Von Willebrand factor A | J434: GO:0005575,GO:0005622,GO:0005623,GO:0005634,GO:0005654,GO:0031974,GO:0031981,GO:0043226,GO:0043227,GO:0043229,GO:0043231,GO:0043233,GO:0044422,GO:0044424,GO:0044428,GO:0044446,GO:0044464,GO:0070013
A435: TRINITY_DN197648_c3_g1 | B435: 36.585038 | C435: 3.2064055 | D435: 0.72418457 | E435: 4.4276082 | F435: 9.5283797e-06 | G435: 0.0012201099 | H435: - | I435: - | J435: -
A436: TRINITY_DN208685_c0_g1 | B436: 77.949852 | C436: 2.229879 | D436: 0.50367287 | E436: 4.4272367 | F436: 9.5447978e-06 | G436: 0.0012201099 | H436: - | I436: - | J436: -
A437: TRINITY_DN218296_c2_g1 | B437: 88.962305 | C437: 2.1247038 | D437: 0.4802894 | E437: 4.4237991 | F437: 9.6980196e-06 | G437: 0.0012373303 | H437: - | I437: - | J437: -
A438: TRINITY_DN203068_c1_g8 | B438: 75.493483 | C438: 2.3433049 | D438: 0.53033274 | E438: 4.418556 | F438: 9.9362521e-06 | G438: 0.0012653107 | H438: K06767 | I438: Down syndrome cell adhesion | J438: -
A439: TRINITY_DN60865_c0_g1 | B439: 27.285049 | C439: 6.5939289 | D439: 1.4927308 | E439: 4.4173597 | F439: 9.9913903e-06 | G439: 0.0012698074 | H439: - | I439: - | J439: -
A440: TRINITY_DN131748_c0_g1 | B440: 45.982719 | C440: 3.2191576 | D440: 0.7288163 | E440: 4.416967 | F440: 1.000955e-05 | G440: 0.0012698074 | H440: - | I440: - | J440: -
A441: TRINITY_DN196857_c0_g1 | B441: 99.1574 | C441: 2.0511767 | D441: 0.46452174 | E441: 4.4156742 | F441: 1.0069567e-05 | G441: 0.0012725915 | H441: - | I441: sodium channel activity | J441: -
A442: TRINITY_DN199691_c0_g1 | B442: 32.6891 | C442: 3.8706599 | D442: 0.88299246 | E442: 4.3835707 | F442: 1.1674973e-05 | G442: 0.0014400929 | H442: - | I442: - | J442: -
A443: TRINITY_DN191389_c1_g1 | B443: 52.832216 | C443: 2.5792929 | D443: 0.58898189 | E443: 4.3792398 | F443: 1.1909403e-05 | G443: 0.0014636087 | H443: - | I443: - | J443: -
A444: TRINITY_DN211777_c6_g2 | B444: 28.774029 | C444: 3.9995244 | D444: 0.91363893 | E444: 4.3775766 | F444: 1.200062e-05 | G444: 0.0014721127 | H444: - | I444: - | J444: -
A445: TRINITY_DN136302_c0_g1 | B445: 60.342946 | C445: 3.1208369 | D445: 0.71308788 | E445: 4.3765109 | F445: 1.2059417e-05 | G445: 0.0014739165 | H445: - | I445: - | J445: -
A446: TRINITY_DN199424_c1_g2 | B446: 79.394556 | C446: 2.2978243 | D446: 0.52642149 | E446: 4.3649896 | F446: 1.271288e-05 | G446: 0.0015341509 | H446: - | I446: - | J446: -
... A547: TRINITY_DN220509_c1_g2 | B547: 58.102084 | C547: 2.7817121 | D547: 0.72977208 | E547: 3.8117546 | F547: 0.00013798383 | G547: 0.0099728743 | H547: - | I547: - | J547: -

Sheet TableS3
A1: Table S3 | Heat treatment DEGs in Orbicella faveolata Symbiodinium A3 -2>logFC>2 padj<0.001. p value is obtained from a Wald test, and BH adjusted p-values are provided as padj (DESeq2).
A2: id | B2: baseMean | C2: log2FoldChange | D2: lfcSE | E2: stat | F2: pvalue | G2: padj | H2: KO | I2: Description | J2: GO
A3: TRINITY_DN69788_c0_g2 | B3: 146.24651 | C3: -10.470373 | D3: 1.650585 | E3: -6.3434315 | F3: 2.2470287e-10 | G3: 3.5571713e-07 | H3: - | I3: - | J3: =VLOOKUP(A3,TableS4!A:J,10,FALSE) -> -
A4: TRINITY_DN19131_c0_g1 | B4: 125.82011 | C4: -10.252471 | D4: 1.9069713 | E4: -5.376311 | F4: 7.6027427e-08 | G4: 4.2420683e-05 | H4: - | I4: RNA-binding protein mei2 homologue | J4: =VLOOKUP(A4,TableS4!A:J,10,FALSE) -> -
A5: TRINITY_DN48606_c0_g1 | B5: 26.95193 | C5: -8.0330009 | D5: 1.5328869 | E5: -5.2404393 | F5: 1.6019478e-07 | G5: 7.4223579e-05 | H5: K01070,K09795 | I5: yeiG, Serine hydrolase involved in the detoxification of formaldehyde | J5: =VLOOKUP(A5,TableS4!A:J,10,FALSE) -> -
A6: TRINITY_DN29380_c0_g1 | B6: 26.953588 | C6: -8.0209479 | D6: 1.5334177 | E6: -5.2307653 | F6: 1.6880975e-07 | G6: 7.7584416e-05 | H6: - | I6: - | J6: =VLOOKUP(A6,TableS4!A:J,10,FALSE) -> -
A7: TRINITY_DN68465_c0_g1 | B7: 24.203106 | C7: -7.890102 | D7: 1.5552742 | E7: -5.0731259 | F7: 3.9133344e-07 | G7: 0.00015595869 | H7: - | I7: - | J7: =VLOOKUP(A7,TableS4!A:J,10,FALSE) -> -
A8: TRINITY_DN54874_c0_g2 | B8: 24.308711 | C8: -7.8828991 | D8: 1.5431775 | E8: -5.1082257 | F8: 3.2519814e-07 | G8: 0.00013627237 | H8: - | I8: - | J8: =VLOOKUP(A8,TableS4!A:J,10,FALSE) -> -
A9: TRINITY_DN6716_c0_g1 | B9: 23.892919 | C9: -7.8666177 | D9: 1.5502967 | E9: -5.0742658 | F9: 3.889949e-07 | G9: 0.00015595869 | H9: K06641 | I9: DUN1, Belongs to the protein kinase superfamily | J9: =VLOOKUP(A9,TableS4!A:J,10,FALSE) -> GO:0000075,GO:0000077,GO:0003674,GO:0003824,GO:0004672,GO:0004674,GO:0004683,GO:0005488,GO:0005515,GO:0005516,GO:0005575,GO:0005622,GO:0005623,GO:0005634,GO:0006139,GO:0006259,GO:0006260,GO:0006261,GO:0006275,GO:0006464,GO:0006468,GO:0006725,GO:0006793,GO:0006796,GO:0006807,GO:0006950,GO:0006974,GO:0006979,GO:0007154,GO:0007165,GO:0008150,GO:0008152,GO:0008156,GO:0009058,GO:0009059,GO:0009889,GO:0009890,GO:0009892,GO:0009987,GO:0010556,GO:0010558,GO:0010605,GO:0016301,GO:0016310,GO:0016740,GO:0016772,GO:0016773,GO:0018105,GO:0018107,GO:0018193,GO:0018209,GO:0018210,GO:0019219,GO:0019222,GO:0019538,GO:0023052,GO:0031323,GO:0031324,GO:0031326,GO:0031327,GO:0031570,GO:0033554,GO:0034599,GO:0034641,GO:0034645,GO:0035556,GO:0036211,GO:0042221,GO:0043170,GO:0043226,GO:0043227,GO:0043229,GO:0043231,GO:0043412,GO:0044237,GO:0044238,GO:0044249,GO:0044260,GO:0044267,GO:0044424,GO:0044464,GO:0045005,GO:0045786,GO:0045934,GO:0046483,GO:0048478,GO:0048519,GO:0048523,GO:0050789,GO:0050794,GO:0050896,GO:0051052,GO:0051053,GO:0051171,GO:0051172,GO:0051716,GO:0051726,GO:0060255,GO:0065007,GO:0070887,GO:0071704,GO:0080090,GO:0090304,GO:0090329,GO:0140096,GO:1901360,GO:1901564,GO:1901576,GO:2000104,GO:2000112,GO:2000113
A10: TRINITY_DN7731_c0_g2 | B10: 22.987931 | C10: -7.794574 | D10: 1.5494175 | E10: -5.030648 | F10: 4.8882494e-07 | G10: 0.00017972989 | H10: - | I10: - | J10: =VLOOKUP(A10,TableS4!A:J,10,FALSE) -> -
A11: TRINITY_DN135274_c0_g1 | B11: 22.340327 | C11: -7.7507057 | D11: 1.5537625 | E11: -4.9883464 | F11: 6.0898287e-07 | G11: 0.00021827631 | H11: - | I11: - | J11: =VLOOKUP(A11,TableS4!A:J,10,FALSE) -> -
A12: TRINITY_DN70100_c0_g3 | B12: 21.300845 | C12: -7.7054465 | D12: 1.5704643 | E12: -4.9064768 | F12: 9.2726944e-07 | G12: 0.00030903559 | H12: K21989 | I12: ERD4, CSC1-like protein ERD4 | J12: =VLOOKUP(A12,TableS4!A:J,10,FALSE) -> GO:0005575,GO:0005622,GO:0005623,GO:0005737,GO:0005773,GO:0005774,GO:0005886,GO:0005911,GO:0009506,GO:0009507,GO:0009526,GO:0009536,GO:0009941,GO:0016020,GO:0030054,GO:0031090,GO:0031967,GO:0031975,GO:0043226,GO:0043227,GO:0043229,GO:0043231,GO:0044422,GO:0044424,GO:0044434,GO:0044435,GO:0044437,GO:0044444,GO:0044446,GO:0044464,GO:0055044,GO:0071944,GO:0098588,GO:0098805
A13: TRINITY_DN62247_c0_g2 | B13: 19.66822 | C13: -7.5908275 | D13: 1.5826802 | E13: -4.7961851 | F13: 1.6171584e-06 | G13: 0.00048252281 | H13: - | I13: - | J13: =VLOOKUP(A13,TableS4!A:J,10,FALSE) -> -
A14: TRINITY_DN72903_c0_g2 | B14: 19.593159 | C14: -7.5613629 | D14: 1.5716821 | E14: -4.8110001 | F14: 1.5017694e-06 | G14: 0.0004601389 | H14: - | I14: - | J14: =VLOOKUP(A14,TableS4!A:J,10,FALSE) -> -
A15: TRINITY_DN222617_c0_g2 | B15: 18.396927 | C15: -7.5032421 | D15: 1.6212795 | E15: -4.6279756 | F15: 3.6925743e-06 | G15: 0.00091895114 | I15: protein polyglycylation | J15: =VLOOKUP(A15,TableS4!A:J,10,FALSE) -> -
A16: TRINITY_DN154524_c0_g3 | B16: 17.64869 | C16: -7.4181116 | D16: 1.5872498 | E16: -4.6735626 | F16: 2.9601935e-06 | G16: 0.00075650865 | H16: - | I16: - | J16: =VLOOKUP(A16,TableS4!A:J,10,FALSE) -> -
A17: TRINITY_DN138993_c0_g1 | B17: 17.183409 | C17: -7.3668378 | D17: 1.5966879 | E17: -4.6138247 | F17: 3.9532596e-06 | G17: 0.00097110458 | H17: - | I17: - | J17: =VLOOKUP(A17,TableS4!A:J,10,FALSE) -> -
A18: TRINITY_DN107864_c0_g2 | B18: 93.407768 | C18: -6.764265 | D18: 0.89161606 | E18: -7.5865222 | F18: 3.2860612e-14 | G18: 1.3376616e-10 | H18: - | I18: - | J18: =VLOOKUP(A18,TableS4!A:J,10,FALSE) -> -
A19: TRINITY_DN141779_c0_g5 | B19: 34.69274 | C19: -5.9432244 | D19: 1.1199064 | E19: -5.3068941 | F19: 1.1150891e-07 | G19: 5.8301769e-05 | H19: - | I19: - | J19: =VLOOKUP(A19,TableS4!A:J,10,FALSE) -> -
A20: TRINITY_DN72876_c0_g1 | B20: 24.885835 | C20: -4.3931639 | D20: 0.92089393 | E20: -4.7705428 | F20: 1.8373017e-06 | G20: 0.0005315118 | H20: - | I20: - | J20: =VLOOKUP(A20,TableS4!A:J,10,FALSE) -> -
A21: TRINITY_DN389124_c0_g1 | B21: 65.5002 | C21: -3.7640988 | D21: 0.48227977 | E21: -7.8048035 | F21: 5.9594348e-15 | G21: 3.4876628e-11 | H21: K03654,K07114,K14949 | I21: Vault protein inter-alpha-trypsin domain | J21: =VLOOKUP(A21,TableS4!A:J,10,FALSE) -> -
A22: TRINITY_DN198015_c0_g4 | B22: 33.226877 | C22: -3.1357024 | D22: 0.61249216 | E22: -5.1195796 | F22: 3.0621757e-07 | G22: 0.00013023388 | H22: - | I22: - | J22: =VLOOKUP(A22,TableS4!A:J,10,FALSE) -> -
A23: TRINITY_DN225772_c0_g1 | B23: 62.960565 | C23: -3.1256838 | D23: 0.52047759 | E23: -6.0054148 | F23: 1.9084332e-09 | G23: 1.9774838e-06 | H23: - | I23: - | J23: =VLOOKUP(A23,TableS4!A:J,10,FALSE) -> -
A24: TRINITY_DN100360_c0_g2 | B24: 32.350527 | C24: -2.9733215 | D24: 0.62704336 | E24: -4.7418116 | F24: 2.1181555e-06 | G24: 0.00059173374 | H24: - | I24: - | J24: =VLOOKUP(A24,TableS4!A:J,10,FALSE) -> -
A25: TRINITY_DN157834_c0_g3 | B25: 70.737752 | C25: -2.8462988 | D25: 0.40867229 | E25: -6.9647462 | F25: 3.2899642e-12 | G25: 8.9283363e-09 | H25: K19947 | I25: NADPH:sulfur oxidoreductase activity | J25: =VLOOKUP(A25,TableS4!A:J,10,FALSE) -> -
A26: TRINITY_DN122184_c0_g2 | B26: 58.617122 | C26: -2.8365078 | D26: 0.46035759 | E26: -6.1615314 | F26: 7.2044781e-10 | G26: 9.3314365e-07 | H26: - | I26: - | J26: =VLOOKUP(A26,TableS4!A:J,10,FALSE) -> -
A27: TRINITY_DN187798_c1_g1 | B27: 41.209388 | C27: -2.6863578 | D27: 0.57002662 | E27: -4.7126882 | F27: 2.4447006e-06 | G27: 0.00066344517 | I27: Protein tyrosine kinase | J27: =VLOOKUP(A27,TableS4!A:J,10,FALSE) -> -
A28: TRINITY_DN430167_c0_g1 | B28: 71.384812 | C28: -2.6797981 | D28: 0.41695692 | E28: -6.4270383 | F28: 1.3011404e-10 | G28: 2.1809409e-07 | H28: - | I28: - | J28: =VLOOKUP(A28,TableS4!A:J,10,FALSE) -> -
A29: TRINITY_DN128742_c0_g3 | B29: 43.364248 | C29: -2.6703418 | D29: 0.49714702 | E29: -5.3713322 | F29: 7.8157076e-08 | G29: 4.2420683e-05 | H29: - | I29: - | J29: =VLOOKUP(A29,TableS4!A:J,10,FALSE) -> -
A30: TRINITY_DN310617_c0_g1 | B30: 127.31892 | C30: -2.6466205 | D30: 0.3157197 | E30: -8.3828171 | F30: 5.1675724e-17 | G30: 4.9083325e-13 | H30: K07238 | I30: ZIP family transporter | J30: =VLOOKUP(A30,TableS4!A:J,10,FALSE) -> -
A31: TRINITY_DN69828_c0_g1 | B31: 42.542187 | C31: -2.5762215 | D31: 0.50356781 | E31: -5.1159375 | F31: 3.1218636e-07 | G31: 0.00013178889 | H31: - | I31: - | J31: =VLOOKUP(A31,TableS4!A:J,10,FALSE) -> -
A32: TRINITY_DN157925_c0_g3 | B32: 76.905348 | C32: -2.5252777 | D32: 0.41837772 | E32: -6.0358801 | F32: 1.5809864e-09 | G32: 1.7666748e-06 | I32: Calcium-dependent protein kinase | J32: =VLOOKUP(A32,TableS4!A:J,10,FALSE) -> GO:0000165,GO:0000187,GO:0001817,GO:0001932,GO:0001934,GO:0002218,GO:0002221,GO:0002224,GO:0002237,GO:0002253,GO:0002376,GO:0002682,GO:0002684,GO:0002757,GO:0002758,GO:0002764,GO:0003674,GO:0003824,GO:0004672,GO:0004674,GO:0004683,GO:0005488,GO:0005515,GO:0005516,GO:0005575,GO:0005622,GO:0005623,GO:0005634,GO:0005654,GO:0005737,GO:0005813,GO:0005815,GO:0005829,GO:0005856,GO:0006082,GO:0006464,GO:0006468,GO:0006690,GO:0006691,GO:0006793,GO:0006796,GO:0006807,GO:0006810,GO:0006897,GO:0006907,GO:0006950,GO:0006952,GO:0006954,GO:0006974,GO:0007154,GO:0007165,GO:0007166,GO:0007167,GO:0007169,GO:0008150,GO:0008152,GO:0009605,GO:0009607,GO:0009617,GO:0009892,GO:0009893,GO:0009894,GO:0009895,GO:0009931,GO:0009966,GO:0009967,GO:0009987,GO:0010033,GO:0010468,GO:0010562,GO:0010604,GO:0010605,GO:0010608,GO:0010628,GO:0010646,GO:0010647,GO:0010857,GO:0015630,GO:0016192,GO:0016301,GO:0016310,GO:0016740,GO:0016772,GO:0016773,GO:0018105,GO:0018193,GO:0018209,GO:0019219,GO:0019220,GO:0019222,GO:0019538,GO:0019752,GO:0019899,GO:0019900,GO:0019901,GO:0023014,GO:0023051,GO:0023052,GO:0023056,GO:0031323,GO:0031324,GO:0031325,GO:0031329,GO:0031330,GO:0031347,GO:0031349,GO:0031399,GO:0031401,GO:0031974,GO:0031981,GO:0032147,GO:0032268,GO:0032270,GO:0032496,GO:0032675,GO:0032680,GO:0033554,GO:0033674,GO:0033993,GO:0034097,GO:0035556,GO:0035924,GO:0036211,GO:0042221,GO:0042325,GO:0042327,GO:0043085,GO:0043170,GO:0043207,GO:0043226,GO:0043227,GO:0043228,GO:0043229,GO:0043231,GO:0043232,GO:0043233,GO:0043405,GO:0043406,GO:0043408,GO:0043410,GO:0043412,GO:0043436,GO:0043487,GO:0043488,GO:0043489,GO:0043549,GO:0044093,GO:0044237,GO:0044238,GO:0044260,GO:0044267,GO:0044281,GO:0044351,GO:0044422,GO:0044424,GO:0044428,GO:0044430,GO:0044444,GO:0044446,GO:0044464,GO:0045088,GO:0045089,GO:0045859,GO:0045860,GO:0045934,GO:0045937,GO:0046777,GO:0048010,GO:0048255,GO:0048518,GO:0048519,GO:0048522,GO:0048523,GO:0048583,GO:0048584,GO:0050776,GO:0050778,GO:0050789,GO:0050790,GO:0050794,GO:0050896,GO:0051019,GO:0051171,GO:0051172,GO:0051173,GO:0051174,GO:0051179,GO:0051234,GO:0051239,GO:0051246,GO:0051247,GO:0051252,GO:0051253,GO:0051338,GO:0051347,GO:0051704,GO:0051707,GO:0051716,GO:0060255,GO:0061013,GO:0065007,GO:0065008,GO:0065009,GO:0070013,GO:0070848,GO:0070887,GO:0070935,GO:0071310,GO:0071363,GO:0071704,GO:0071900,GO:0071902,GO:0080090,GO:0080134,GO:0080135,GO:0098657,GO:0140096,GO:1900034,GO:1901564,GO:1901568,GO:1901700,GO:1902369,GO:1902373,GO:1902531,GO:1902533,GO:1903311,GO:1903312,GO:1903555
A33: TRINITY_DN165847_c1_g1 | B33: 53.72059 | C33: -2.5162583 | D33: 0.48224582 | E33: -5.2177919 | F33: 1.8106873e-07 | G33: 8.1252811e-05 | H33: - | I33: - | J33: =VLOOKUP(A33,TableS4!A:J,10,FALSE) -> -
A34: TRINITY_DN28657_c0_g2 | B34: 54.251777 | C34: -2.3887518 | D34: 0.45322965 | E34: -5.2705108 | F34: 1.3604462e-07 | G34: 6.6590329e-05 | H34: K05747 | I34: ubiquitin-protein transferase activity | J34: =VLOOKUP(A34,TableS4!A:J,10,FALSE) -> -
A35: TRINITY_DN34915_c0_g2 | B35: 80.222133 | C35: -2.2494151 | D35: 0.37675204 | E35: -5.9705453 | F35: 2.3646187e-09 | G35: 2.3234417e-06 | H35: - | I35: - | J35: =VLOOKUP(A35,TableS4!A:J,10,FALSE) -> -
A36: TRINITY_DN206820_c1_g4 | B36: 91.553169 | C36: -2.2223886 | D36: 0.35640206 | E36: -6.2356223 | F36: 4.4998574e-10 | G36: 6.5755609e-07 | H36: - | I36: - | J36: =VLOOKUP(A36,TableS4!A:J,10,FALSE) -> -
A37: TRINITY_DN151915_c0_g2 | B37: 53.615692 | C37: -2.221817 | D37: 0.43946867 | E37: -5.0556892 | F37: 4.2883934e-07 | G37: 0.0001659457 | H37: - | I37: - | J37: =VLOOKUP(A37,TableS4!A:J,10,FALSE) -> -
A38: TRINITY_DN113910_c0_g2 | B38: 87.136358 | C38: -2.2130123 | D38: 0.36821975 | E38: -6.0100315 | F38: 1.8548728e-09 | G38: 1.9575778e-06 | H38: K18468 | I38: Plays a role in vesicular protein sorting | J38: =VLOOKUP(A38,TableS4!A:J,10,FALSE) -> -
A39: TRINITY_DN31863_c0_g1 | B39: 63.550702 | C39: -2.2115629 | D39: 0.47348706 | E39: -4.6707989 | F39: 3.0003051e-06 | G39: 0.00076171631 | I39: AAA domain | J39: =VLOOKUP(A39,TableS4!A:J,10,FALSE) -> -
A40: TRINITY_DN120573_c0_g1 | B40: 184.39497 | C40: -2.1467491 | D40: 0.27766063 | E40: -7.7315572 | F40: 1.0623893e-14 | G40: 5.0454637e-11 | J40: =VLOOKUP(A40,TableS4!A:J,10,FALSE) -> -
A41: TRINITY_DN12366_c0_g1 | B41: 59.324853 | C41: -2.0251132 | D41: 0.42745428 | E41: -4.7376135 | F41: 2.1624978e-06 | G41: 0.00059536593 | I41: regulation of endocannabinoid signaling pathway | J41: =VLOOKUP(A41,TableS4!A:J,10,FALSE) -> -
A42: TRINITY_DN106609_c0_g2 | B42: 79.043755 | C42: -2.0073069 | D42: 0.35377799 | E42: -5.6739167 | F42: 1.3956904e-08 | G42: 9.9425497e-06 | H42: - | I42: - | J42: =VLOOKUP(A42,TableS4!A:J,10,FALSE) -> -
A43: TRINITY_DN393270_c0_g1 | B43: 228.25695 | C43: 2.060682 | D43: 0.29125636 | E43: 7.0751483 | F43: 1.4928899e-12 | G43: 4.2539896e-09 | H43: - | I43: - | J43: =VLOOKUP(A43,TableS4!A:J,10,FALSE) -> -
A44: TRINITY_DN149489_c0_g1 | B44: 125.29766 | C44: 2.0677381 | D44: 0.39138241 | E44: 5.2831655 | F44: 1.2697061e-07 | G44: 6.4607633e-05 | H44: - | I44: - | J44: =VLOOKUP(A44,TableS4!A:J,10,FALSE) -> -
A45: TRINITY_DN343216_c0_g1 | B45: 46.317358 | C45: 2.1248449 | D45: 0.44245663 | E45: 4.8023801 | F45: 1.5679069e-06 | G45: 0.00047035181 | H45: K01426 | I45: fatty acid amide hydrolase activity | J45: =VLOOKUP(A45,TableS4!A:J,10,FALSE) -> -
A46: TRINITY_DN187117_c0_g1 | B46: 53.523088 | C46: 2.1292123 | D46: 0.40918494 | E46: 5.203545 | F46: 1.9552235e-07 | G46: 8.705327e-05 | H46: - | I46: - | J46: =VLOOKUP(A46,TableS4!A:J,10,FALSE) -> -
A47: TRINITY_DN121343_c0_g1 | B47: 85.267825 | C47: 2.1760809 | D47: 0.36532714 | E47: 5.956527 | F47: 2.5765458e-09 | G47: 2.4887686e-06 | H47: - | I47: - | J47: =VLOOKUP(A47,TableS4!A:J,10,FALSE) -> -
A48: TRINITY_DN2969_c0_g1 | B48: 251.85331 | C48: 2.1779419 | D48: 0.32651897 | E48: 6.6701849 | F48: 2.5548131e-11 | G48: 5.0206482e-08 | H48: - | I48: - | J48: =VLOOKUP(A48,TableS4!A:J,10,FALSE) -> -
A49: TRINITY_DN210886_c1_g4 | B49: 85.855696 | C49: 2.2125196 | D49: 0.34712746 | E49: 6.373796 | F49: 1.8440589e-10 | G49: 3.0026548e-07 | H49: - | I49: - | J49: =VLOOKUP(A49,TableS4!A:J,10,FALSE) -> -
A50: TRINITY_DN154712_c0_g1 | B50: 69.295613 | C50: 2.2455862 | D50: 0.4449941 | E50: 5.0463281 | F50: 4.5038166e-07 | G50: 0.00017132286 | I50: Polycystin cation channel | J50: =VLOOKUP(A50,TableS4!A:J,10,FALSE) -> -
A51: TRINITY_DN387349_c0_g1 | B51: 74.535853 | C51: 2.246967 | D51: 0.3973862 | E51: 5.6543659 | F51: 1.5642269e-08 | G51: 1.1005592e-05 | H51: - | I51: - | J51: =VLOOKUP(A51,TableS4!A:J,10,FALSE) -> -
A52: TRINITY_DN178386_c0_g1 | B52: 54.388234 | C52: 2.2634355 | D52: 0.41114428 | E52: 5.5052097 | F52: 3.6872908e-08 | G52: 2.2841163e-05 | H52: - | I52: - | J52: =VLOOKUP(A52,TableS4!A:J,10,FALSE) -> -
A53: TRINITY_DN183088_c0_g2 | B53: 44.410935 | C53: 2.282649 | D53: 0.45780007 | E53: 4.9861264 | F53: 6.1601859e-07 | G53: 0.00021934706 | H53: - | I53: - | J53: =VLOOKUP(A53,TableS4!A:J,10,FALSE) -> -
A54: TRINITY_DN211470_c1_g5 | B54: 81.039137 | C54: 2.3679341 | D54: 0.39306401 | E54: 6.0242963 | F54: 1.6984696e-09 | G54: 1.8614574e-06 | H54: K06178,K06182,K06183 | I54: rluF, Belongs to the pseudouridine synthase RsuA family | J54: =VLOOKUP(A54,TableS4!A:J,10,FALSE) -> GO:0000154,GO:0000455,GO:0001522,GO:0003674,GO:0003824,GO:0005575,GO:0005622,GO:0005623,GO:0005737,GO:0005829,GO:0006139,GO:0006364,GO:0006396,GO:0006399,GO:0006400,GO:0006725,GO:0006807,GO:0008033,GO:0008150,GO:0008152,GO:0009451,GO:0009982,GO:0009987,GO:0010467,GO:0016070,GO:0016072,GO:0016853,GO:0016866,GO:0022613,GO:0031118,GO:0031119,GO:0034470,GO:0034641,GO:0034660,GO:0042254,GO:0043170,GO:0043412,GO:0044085,GO:0044237,GO:0044238,GO:0044424,GO:0044444,GO:0044464,GO:0046483,GO:0071704,GO:0071840,GO:0090304,GO:1901360
A55: TRINITY_DN187118_c4_g1 | B55: 484.88702 | C55: 2.3905935 | D55: 0.51186927 | E55: 4.6703204 | F55: 3.0073025e-06 | G55: 0.00076171631 | H55: - | I55: - | J55: =VLOOKUP(A55,TableS4!A:J,10,FALSE) -> -
A56: TRINITY_DN149035_c0_g1 | B56: 39.874293 | C56: 2.4091833 | D56: 0.50456931 | E56: 4.7747321 | F56: 1.7994661e-06 | G56: 0.00052322231 | H56: - | I56: - | J56: =VLOOKUP(A56,TableS4!A:J,10,FALSE) -> -
A57: TRINITY_DN184050_c0_g1 | B57: 55.268352 | C57: 2.4385772 | D57: 0.41716598 | E57: 5.8455802 | F57: 5.0480567e-09 | G57: 4.6401412e-06 | H57: - | I57: - | J57: =VLOOKUP(A57,TableS4!A:J,10,FALSE) -> -
A58: TRINITY_DN136577_c0_g2 | B58: 41.043171 | C58: 2.4439331 | D58: 0.49825131 | E58: 4.9050209 | F58: 9.3417404e-07 | G58: 0.00030952662 | I58: calcium ion binding | J58: =VLOOKUP(A58,TableS4!A:J,10,FALSE) -> -
A59: TRINITY_DN144426_c0_g1 | B59: 36.950124 | C59: 2.44402 | D59: 0.51638983 | E59: 4.7328972 | F59: 2.2133763e-06 | G59: 0.00060354219 | H59: - | I59: - | J59: =VLOOKUP(A59,TableS4!A:J,10,FALSE) -> -
A60: TRINITY_DN302390_c0_g1 | B60: 60.57735 | C60: 2.4728666 | D60: 0.43932513 | E60: 5.6287849 | F60: 1.8148359e-08 | G60: 1.2461144e-05 | H60: - | I60: - | J60: =VLOOKUP(A60,TableS4!A:J,10,FALSE) -> -
A61: TRINITY_DN73242_c0_g1 | B61: 35.331866 | C61: 2.526805 | D61: 0.54441398 | E61: 4.6413302 | F61: 3.461735e-06 | G61: 0.00086528192 | H61: - | I61: - | J61: =VLOOKUP(A61,TableS4!A:J,10,FALSE) -> -
A62: TRINITY_DN303776_c0_g1 | B62: 46.877548 | C62: 2.5471909 | D62: 0.45655645 | E62: 5.5791369 | F62: 2.4171496e-08 | G62: 1.6206277e-05 | H62: - | I62: - | J62: =VLOOKUP(A62,TableS4!A:J,10,FALSE) -> -
A63: TRINITY_DN154381_c0_g2 | B63: 38.673914 | C63: 2.5886394 | D63: 0.53428447 | E63: 4.8450583 | F63: 1.265745e-06 | G63: 0.00039853484 | H63: - | I63: - | J63: =VLOOKUP(A63,TableS4!A:J,10,FALSE) -> -
A64: TRINITY_DN439285_c0_g1 | B64: 39.948638 | C64: 2.6232455 | D64: 0.4988716 | E64: 5.258358 | F64: 1.4534735e-07 | G64: 6.9277863e-05 | H64: - | I64: - | J64: =VLOOKUP(A64,TableS4!A:J,10,FALSE) -> -
A65: TRINITY_DN143057_c0_g1 | B65: 41.769276 | C65: 2.8217018 | D65: 0.51138631 | E65: 5.51775 | F65: 3.4336735e-08 | G65: 2.1742784e-05 | H65: - | I65: - | J65: =VLOOKUP(A65,TableS4!A:J,10,FALSE) -> -
A66: TRINITY_DN184108_c1_g3 | B66: 79.075724 | C66: 2.8482588 | D66: 0.38402 | E66: 7.4169543 | F66: 1.1984425e-13 | G66: 4.2687025e-10 | H66: - | I66: - | J66: =VLOOKUP(A66,TableS4!A:J,10,FALSE) -> -
A67: TRINITY_DN128147_c0_g2 | B67: 37.360664 | C67: 2.8839762 | D67: 0.53823599 | E67: 5.3582003 | F67: 8.4055026e-08 | G67: 4.4769121e-05 | I67: Dynamin, GTPase | J67: =VLOOKUP(A67,TableS4!A:J,10,FALSE) -> -
A68: TRINITY_DN49450_c0_g2 | B68: 35.950135 | C68: 2.8989313 | D68: 0.59222632 | E68: 4.8949722 | F68: 9.8319643e-07 | G68: 0.00032202508 | H68: K02471 | I68: bacA | J68: =VLOOKUP(A68,TableS4!A:J,10,FALSE) -> -
A69: TRINITY_DN257390_c0_g1 | B69: 37.883235 | C69: 2.9528593 | D69: 0.52644148 | E69: 5.6090931 | F69: 2.0338958e-08 | G69: 1.3799014e-05 | I69: von Willebrand factor (vWF) type A domain | J69: =VLOOKUP(A69,TableS4!A:J,10,FALSE) -> -
A70: TRINITY_DN70283_c0_g2 | B70: 38.094945 | C70: 3.0322299 | D70: 0.63793068 | E70: 4.7532279 | F70: 2.0019451e-06 | G70: 0.00056761616 | J70: =VLOOKUP(A70,TableS4!A:J,10,FALSE) -> -
A71: TRINITY_DN192283_c0_g1 | B71: 42.438594 | C71: 3.0992475 | D71: 0.51765842 | E71: 5.9870512 | F71: 2.1367951e-09 | G71: 2.1745706e-06 | H71: - | I71: - | J71: =VLOOKUP(A71,TableS4!A:J,10,FALSE) -> -
A72: TRINITY_DN165835_c0_g2 | B72: 41.161326 | C72: 3.1060547 | D72: 0.51207814 | E72: 6.0655874 | F72: 1.3147227e-09 | G72: 1.5609593e-06 | H72: - | I72: - | J72: =VLOOKUP(A72,TableS4!A:J,10,FALSE) -> -
A73: TRINITY_DN406023_c0_g1 | B73: 37.800159 | C73: 3.1278712 | D73: 0.57091286 | E73: 5.4787191 | F73: 4.2841578e-08 | G73: 2.6253135e-05 | H73: - | I73: - | J73: =VLOOKUP(A73,TableS4!A:J,10,FALSE) -> -
A74: TRINITY_DN185832_c0_g1 | B74: 55.121538 | C74: 3.1336012 | D74: 0.4527912 | E74: 6.9206318 | F74: 4.4963361e-12 | G74: 1.1141139e-08 | H74: - | I74: - | J74: =VLOOKUP(A74,TableS4!A:J,10,FALSE) -> -
A75: TRINITY_DN173542_c0_g1 | B75: 33.814537 | C75: 3.2386826 | D75: 0.60072765 | E75: 5.391266 | F75: 6.9963003e-08 | G75: 3.9871916e-05 | H75: - | I75: - | J75: =VLOOKUP(A75,TableS4!A:J,10,FALSE) -> -
A76: TRINITY_DN25234_c0_g2 | B76: 58.707808 | C76: 3.2609132 | D76: 0.527033 | E76: 6.1873037 | F76: 6.1201967e-10 | G76: 8.3045241e-07 | I76: stress-induced mitochondrial fusion | J76: =VLOOKUP(A76,TableS4!A:J,10,FALSE) -> -
A77: TRINITY_DN162920_c0_g1 | B77: 115.88808 | C77: 3.2780236 | D77: 0.35230755 | E77: 9.3044375 | F77: 1.3470344e-20 | G77: 2.5589163e-16 | H77: - | I77: - | J77: =VLOOKUP(A77,TableS4!A:J,10,FALSE) -> -
A78: TRINITY_DN188852_c0_g2 | B78: 57.566462 | C78: 3.3087644 | D78: 0.53686213 | E78: 6.1631547 | F78: 7.1309784e-10 | G78: 9.3314365e-07 | H78: - | I78: - | J78: =VLOOKUP(A78,TableS4!A:J,10,FALSE) -> -
A79: TRINITY_DN437671_c0_g1 | B79: 44.089313 | C79: 3.4053619 | D79: 0.58754653 | E79: 5.7959016 | F79: 6.7955086e-09 | G79: 5.6952358e-06 | H79: - | I79: - | J79: =VLOOKUP(A79,TableS4!A:J,10,FALSE) -> -
A80: TRINITY_DN140915_c0_g1 | B80: 46.880601 | C80: 3.4099398 | D80: 0.50488009 | E80: 6.7539597 | F80: 1.438637e-11 | G80: 3.0830792e-08 | H80: - | I80: - | J80: =VLOOKUP(A80,TableS4!A:J,10,FALSE) -> -
A81: TRINITY_DN175095_c0_g1 | B81: 47.003815 | C81: 3.4444989 | D81: 0.56628921 | E81: 6.082579 | F81: 1.1826462e-09 | G81: 1.4508087e-06 | H81: - | I81: - | J81: =VLOOKUP(A81,TableS4!A:J,10,FALSE) -> -
A82: TRINITY_DN226490_c0_g1 | B82: 22.699159 | C82: 3.4941605 | D82: 0.73752823 | E82: 4.7376634 | F82: 2.1619652e-06 | G82: 0.00059536593 | H82: - | I82: - | J82: =VLOOKUP(A82,TableS4!A:J,10,FALSE) -> -
A83: TRINITY_DN30001_c0_g3 | B83: 24.479805 | C83: 3.6152488 | D83: 0.75130109 | E83: 4.8119839 | F83: 1.4943936e-06 | G83: 0.0004601389 | H83: - | I83: - | J83: =VLOOKUP(A83,TableS4!A:J,10,FALSE) -> -
A84: TRINITY_DN215887_c0_g5 | B84: 58.65316 | C84: 3.6757836 | D84: 0.50349073 | E84: 7.3005984 | F84: 2.8649067e-13 | G84: 9.6041784e-10 | H84: K02112 | I84: atpD,Produces ATP from ADP in the presence of a proton gradient across the membrane. The catalytic sites are hosted primarily by the beta subunits | J84: =VLOOKUP(A84,TableS4!A:J,10,FALSE) -> GO:0003674,GO:0003824,GO:0005215,GO:0005575,GO:0005622,GO:0005623,GO:0005886,GO:0006139,GO:0006163,GO:0006164,GO:0006725,GO:0006753,GO:0006754,GO:0006793,GO:0006796,GO:0006807,GO:0006810,GO:0006811,GO:0006812,GO:0008150,GO:0008152,GO:0008324,GO:0009058,GO:0009117,GO:0009123,GO:0009124,GO:0009126,GO:0009127,GO:0009141,GO:0009142,GO:0009144,GO:0009145,GO:0009150,GO:0009152,GO:0009156,GO:0009161,GO:0009165,GO:0009167,GO:0009168,GO:0009199,GO:0009201,GO:0009205,GO:0009206,GO:0009259,GO:0009260,GO:0009987,GO:0015075,GO:0015077,GO:0015078,GO:0015318,GO:0015399,GO:0015405,GO:0015672,GO:0015985,GO:0015986,GO:0016020,GO:0016462,GO:0016469,GO:0016787,GO:0016817,GO:0016818,GO:0016887,GO:0017111,GO:0017144,GO:0018130,GO:0019438,GO:0019637,GO:0019693,GO:0019829,GO:0022804,GO:0022853,GO:0022857,GO:0022890,GO:0032991,GO:0033178,GO:0034220,GO:0034641,GO:0034654,GO:0036442,GO:0042623,GO:0042625,GO:0042626,GO:0043492,GO:0044237,GO:0044238,GO:0044249,GO:0044271,GO:0044281,GO:0044424,GO:0044425,GO:0044459,GO:0044464,GO:0044769,GO:0045259,GO:0045260,GO:0045261,GO:0045262,GO:0046034,GO:0046390,GO:0046483,GO:0046933,GO:0046961,GO:0051179,GO:0051234,GO:0055085,GO:0055086,GO:0071704,GO:0071944,GO:0072521,GO:0072522,GO:0090407,GO:0090662,GO:0098655,GO:0098660,GO:0098662,GO:0098796,GO:0098797,GO:0099131,GO:0099132,GO:1901135,GO:1901137,GO:1901293,GO:1901360,GO:1901362,GO:1901564,GO:1901566,GO:1901576,GO:1902600
A85: TRINITY_DN211470_c0_g2 | B85: 35.490276 | C85: 3.7538836 | D85: 0.6015006 | E85: 6.2408642 | F85: 4.3515996e-10 | G85: 6.5262542e-07 | H85: - | I85: - | J85: =VLOOKUP(A85,TableS4!A:J,10,FALSE) -> -
A86: TRINITY_DN265034_c0_g1 | B86: 66.97166 | C86: 3.775693 | D86: 0.46387676 | E86: 8.1394313 | F86: 3.9713896e-16 | G86: 3.2332785e-12 | H86: K11968 | I86: protein polyubiquitination | J86: =VLOOKUP(A86,TableS4!A:J,10,FALSE) -> -
A87: TRINITY_DN174786_c0_g3 | B87: 56.390344 | C87: 3.8553088 | D87: 0.56281331 | E87: 6.8500669 | F87: 7.3815451e-12 | G87: 1.682697e-08 | H87: - | I87: - | J87: =VLOOKUP(A87,TableS4!A:J,10,FALSE) -> -
A88: TRINITY_DN201925_c0_g1 | B88: 374.82285 | C88: 4.0427465 | D88: 0.24217718 | E88: 16.693342 | F88: 1.4653356e-62 | G88: 8.3509473e-58 | H88: - | I88: - | J88: =VLOOKUP(A88,TableS4!A:J,10,FALSE) -> -
... A95: TRINITY_DN82222_c0_g2 | B95: 15.148144 | C95: 7.5690489 | D95: 1.6187088 | E95: 4.6759794 | F95: 2.9255393e-06 | G95: 0.00075146108 | H95: K15276 | I95: transporter | J95: =VLOOKUP(A95,TableS4!A:J,10,FALSE) -> GO:0000139,GO:0000295,GO:0003674,GO:0005215,GO:0005346,GO:0005575,GO:0005622,GO:0005623,GO:0005737,GO:0005783,GO:0005789,GO:0005794,GO:0006810,GO:0006811,GO:0006820,GO:0006862,GO:0008150,GO:0008509,GO:0008514,GO:0012505,GO:0015075,GO:0015215,GO:0015216,GO:0015605,GO:0015711,GO:0015748,GO:0015865,GO:0015868,GO:0015931,GO:0015932,GO:0016020,GO:0016021,GO:0022857,GO:0030173,GO:0030176,GO:0031090,GO:0031224,GO:0031227,GO:0031228,GO:0031300,GO:0031301,GO:0031984,GO:0034220,GO:0042175,GO:0043226,GO:0043227,GO:0043229,GO:0043231,GO:0044422,GO:0044424,GO:0044425,GO:0044431,GO:0044432,GO:0044444,GO:0044446,GO:0044464,GO:0046963,GO:0046964,GO:0051179,GO:0051234,GO:0051503,GO:0055085,GO:0071702,GO:0071705,GO:0072348,GO:0072530,GO:0098588,GO:0098656,GO:0098791,GO:0098827,GO:1901264,GO:1901505,GO:1901679,GO:1901682,GO:1902559
A96: TRINITY_DN33335_c0_g1 | B96: 15.172974 | C96: 7.5710968 | D96: 1.6188113 | E96: 4.6769483 | F96: 2.9117567e-06 | G96: 0.00075146108 | I96: Protein kinase domain-containing protein | J96: =VLOOKUP(A96,TableS4!A:J,10,FALSE) -> -
A97: TRINITY_DN60635_c0_g1 | B97: 15.585959 | C97: 7.6116288 | D97: 1.6199555 | E97: 4.6986653 | F97: 2.6186725e-06 | G97: 0.00069737451 | J97: =VLOOKUP(A97,TableS4!A:J,10,FALSE) -> -
A98: TRINITY_DN45621_c0_g2 | B98: 15.883912 | C98: 7.6355123 | D98: 1.6247902 | E98: 4.6993834 | F98: 2.6094812e-06 | G98: 0.00069737451 | H98: K07756 | I98: KCS1, inositol phosphate biosynthetic process | J98: =VLOOKUP(A98,TableS4!A:J,10,FALSE) -> GO:0000827,GO:0000828,GO:0000829,GO:0003674,GO:0003824,GO:0005575,GO:0005622,GO:0005623,GO:0005737,GO:0006066,GO:0006109,GO:0006793,GO:0006796,GO:0008150,GO:0008152,GO:0009058,GO:0009889,GO:0009987,GO:0010675,GO:0010919,GO:0016301,GO:0016310,GO:0016740,GO:0016772,GO:0016776,GO:0019220,GO:0019222,GO:0019637,GO:0019751,GO:0023052,GO:0031323,GO:0031326,GO:0032958,GO:0033200,GO:0043255,GO:0043647,GO:0044237,GO:0044281,GO:0044283,GO:0044424,GO:0044464,GO:0046165,GO:0046173,GO:0050789,GO:0050794,GO:0051174,GO:0062012,GO:0065007,GO:0071704,GO:0080090,GO:0090407,GO:1901576,GO:1901615,GO:1901617,GO:1902930
A99: TRINITY_DN70392_c0_g1 | B99: 16.028331 | C99: 7.6500624 | D99: 1.6079961 | E99: 4.7575131 | F99: 1.9599256e-06 | G99: 0.00056128724 | H99: K20096 | I99: helicase activity | J99: =VLOOKUP(A99,TableS4!A:J,10,FALSE) -> -
A100: TRINITY_DN61791_c0_g1 | B100: 16.10282 | C100: 7.6558981 | D100: 1.6128804 | E100: 4.746724 | F100: 2.0673772e-06 | G100: 0.00058326646 | H100: K02948 | I100: Vacuolar sorting protein 9 (VPS9) domain | J100: =VLOOKUP(A100,TableS4!A:J,10,FALSE) -> -
A101: TRINITY_DN64762_c0_g2 | B101: 16.71444 | C101: 7.7092092 | D101: 1.6116856 | E101: 4.7833208 | F101: 1.724226e-06 | G101: 0.0005039161 | H101: K00639,K00652,K13614,K15674 | I101: acetyltransferase | J101: =VLOOKUP(A101,TableS4!A:J,10,FALSE) -> -
A102: TRINITY_DN74221_c0_g3 | B102: 47.902891 | C102: 7.8817712 | D102: 1.388054 | E102: 5.6782885 | F102: 1.3604911e-08 | G102: 9.8144797e-06 | H102: - | I102: - | J102: =VLOOKUP(A102,TableS4!A:J,10,FALSE) -> -
A103: TRINITY_DN123666_c0_g1 | B103: 18.883243 | C103: 7.8889163 | D103: 1.5899882 | E103: 4.9616193 | F103: 6.9907899e-07 | G103: 0.00024442032 | J103: =VLOOKUP(A103,TableS4!A:J,10,FALSE) -> -
A104: TRINITY_DN141524_c0_g2 | B104: 19.086435 | C104: 7.8999061 | D104: 1.6062378 | E104: 4.9182669 | F104: 8.7313814e-07 | G104: 0.00029796493 | H104: - | I104: - | J104: =VLOOKUP(A104,TableS4!A:J,10,FALSE) -> -
A105: TRINITY_DN63753_c0_g1 | B105: 19.081878 | C105: 7.9020393 | D105: 1.5763524 | E105: 5.0128636 | F105: 5.3625925e-07 | G105: 0.00019465869 | I105: kinase-like protein | J105: =VLOOKUP(A105,TableS4!A:J,10,FALSE) -> -
A106: TRINITY_DN7341_c0_g1 | B106: 19.539966 | C106: 7.9392975 | D106: 1.6169269 | E106: 4.9101153 | F106: 9.1022864e-07 | G106: 0.00030514077 | I106: Carboxylesterase family | J106: =VLOOKUP(A106,TableS4!A:J,10,FALSE) -> -
...

Sheet TableS4
A1: Table S4 | Heat treatment DEGs in Orbicella faveolata Symbiodinium A3 -2>logFC>2 padj<0.01. p value is obtained from a Wald test, and BH adjusted p-values are provided as padj (DESeq2).
A2: id | B2: baseMean | C2: log2FoldChange | D2: lfcSE | E2: stat | F2: pvalue | G2: padj | H2: KO | I2: Description | J2: GO
A3: TRINITY_DN310617_c0_g1 | B3: 127.31892 | C3: -2.6466205 | D3: 0.3157197 | E3: -8.3828171 | F3: 5.1675724e-17 | G3: 4.9083325e-13 | H3: K07238 | I3: ZIP family transporter | J3: - | S3: TRINITY_DN107447_c0_g1 | T3: GO:0003674,GO:0003824,GO:0004721,GO:0005488,GO:0005515,GO:0005575,GO:0005622,GO:0005623,GO:0005737,GO:0005819,GO:0005856,GO:0006464,GO:0006470,GO:0006793,GO:0006796,GO:0006807,GO:0008104,GO:0008150,GO:0008152,GO:0009987,GO:0015630,GO:0016311,GO:0016787,GO:0016788,GO:0016791,GO:0017157,GO:0019538,GO:0031072,GO:0032879,GO:0033036,GO:0033365,GO:0034613,GO:0036211,GO:0042578,GO:0043170,GO:0043226,GO:0043228,GO:0043229,GO:0043232,GO:0043412,GO:0044237,GO:0044238,GO:0044260,GO:0044267,GO:0044422,GO:0044424,GO:0044430,GO:0044446,GO:0044464,GO:0045920,GO:0048519,GO:0048523,GO:0050789,GO:0050794,GO:0051046,GO:0051048,GO:0051049,GO:0051051,GO:0051179,GO:0051641,GO:0051879,GO:0060627,GO:0065007,GO:0070727,GO:0071704,GO:0072686,GO:0140096,GO:1901564,GO:1903530,GO:1903531 | V3: TRINITY_DN107447_c0_g1 | W3: K04460 | Y3: TRINITY_DN107447_c0_g1 | Z3: Protein phosphatase 2A homologues, catalytic domain.
A4: TRINITY_DN389124_c0_g1 | B4: 65.5002 | C4: -3.7640988 | D4: 0.48227977 | E4: -7.8048035 | F4: 5.9594348e-15 | G4: 3.4876628e-11 | H4: K03654,K07114,K14949 | I4: Vault protein inter-alpha-trypsin domain | J4: - | S4: TRINITY_DN110231_c0_g2 | T4: GO:0003674,GO:0003824,GO:0005575,GO:0005622,GO:0005623,GO:0005737,GO:0006766,GO:0006775,GO:0008150,GO:0008152,GO:0008168,GO:0008171,GO:0009058,GO:0009110,GO:0009507,GO:0009536,GO:0009987,GO:0010189,GO:0016740,GO:0016741,GO:0018130,GO:0032259,GO:0042360,GO:0042362,GO:0043226,GO:0043227,GO:0043229,GO:0043231,GO:0044237,GO:0044249,GO:0044281,GO:0044283,GO:0044424,GO:0044444,GO:0044464,GO:0046483,GO:0050342,GO:0071704,GO:1901360,GO:1901362,GO:1901576,GO:1901615,GO:1901617 | V4: TRINITY_DN110231_c0_g2 | W4: K05928 | Y4: TRINITY_DN110231_c0_g2 | Z4: Belongs to the class I-like SAM-binding methyltransferase superfamily. gTMT family
A5: TRINITY_DN120573_c0_g1 | B5: 184.39497 | C5: -2.1467491 | D5: 0.27766063 | E5: -7.7315572 | F5: 1.0623893e-14 | G5: 5.0454637e-11 | H5: - | I5: - | J5: - | S5: TRINITY_DN11112_c0_g1 | T5: GO:0000139,GO:0000938,GO:0005575,GO:0005622,GO:0005623,GO:0005737,GO:0005739,GO:0005794,GO:0006810,GO:0006890,GO:0006950,GO:0006970,GO:0007009,GO:0008150,GO:0009266,GO:0009408,GO:0009628,GO:0009987,GO:0010256,GO:0010286,GO:0012505,GO:0016020,GO:0016043,GO:0016192,GO:0016197,GO:0016482,GO:0031090,GO:0031410,GO:0031982,GO:0031984,GO:0032991,GO:0042147,GO:0043226,GO:0043227,GO:0043229,GO:0043231,GO:0044422,GO:0044424,GO:0044431,GO:0044433,GO:0044444,GO:0044446,GO:0044464,GO:0046907,GO:0048193,GO:0050896,GO:0051179,GO:0051234,GO:0051641,GO:0051649,GO:0061024,GO:0071840,GO:0097708,GO:0098588,GO:0098791,GO:0099023 | V5: TRINITY_DN11112_c0_g1 | W5: K20299 | Y5: TRINITY_DN11112_c0_g1 | Z5: Vacuolar protein sorting-associated protein 53
A6: TRINITY_DN107864_c0_g2 | B6: 93.407768 | C6: -6.764265 | D6: 0.89161606 | E6: -7.5865222 | F6: 3.2860612e-14 | G6: 1.3376616e-10 | H6: - | I6: - | J6: - | S6: TRINITY_DN113910_c0_g1 | V6: TRINITY_DN113910_c0_g1 | W6: K18468 | Y6: TRINITY_DN113910_c0_g1 | Z6: Plays a role in vesicular protein sorting
A7: TRINITY_DN157834_c0_g3 | B7: 70.737752 | C7: -2.8462988 | D7: 0.40867229 | E7: -6.9647462 | F7: 3.2899642e-12 | G7: 8.9283363e-09 | H7: K19947 | I7: NADPH:sulfur oxidoreductase activity | J7: - | S7: TRINITY_DN113910_c0_g2 | V7: TRINITY_DN113910_c0_g2 | W7: K18468 | Y7: TRINITY_DN113910_c0_g2 | Z7: Plays a role in vesicular protein sorting
A8: TRINITY_DN430167_c0_g1 | B8: 71.384812 | C8: -2.6797981 | D8: 0.41695692 | E8: -6.4270383 | F8: 1.3011404e-10 | G8: 2.1809409e-07 | H8: - | I8: - | J8: - | S8: TRINITY_DN114728_c0_g2 | T8: GO:0000003,GO:0000075,GO:0000077,GO:0000082,GO:0000086,GO:0000122,GO:0000226,GO:0000278,GO:0000302,GO:0000307,GO:0000781,GO:0000793,GO:0000803,GO:0000805,GO:0000806,GO:0001654,GO:0002088,GO:0003674,GO:0003824,GO:0004672,GO:0004674,GO:0004693,GO:0005488,GO:0005515,GO:0005575,GO:0005622,GO:0005623,GO:0005634,GO:0005654,GO:0005667,GO:0005694,GO:0005737,GO:0005768,GO:0005813,GO:0005815,GO:0005819,GO:0005829,GO:0005856,GO:0006139,GO:0006259,GO:0006260,GO:0006275,GO:0006281,GO:0006325,GO:0006355,GO:0006357,GO:0006464,GO:0006468,GO:0006725,GO:0006793,GO:0006796,GO:0006807,GO:0006810,GO:0006811,GO:0006812,GO:0006813,GO:0006950,GO:0006974,GO:0006977,GO:0006979,GO:0006996,GO:0007010,GO:0007017,GO:0007049,GO:0007093,GO:0007098,GO:0007099,GO:0007154,GO:0007165,GO:0007264,GO:0007265,GO:0007275,GO:0007346,GO:0007423,GO:0008150,GO:0008152,GO:0008283,GO:0008284,GO:0009058,GO:0009059,GO:0009628,GO:0009636,GO:0009719,GO:0009725,GO:0009889,GO:0009890,GO:0009891,GO:0009892,GO:0009893,GO:0009966,GO:0009967,GO:0009987,GO:0010033,GO:0010035,GO:0010038,GO:0010243,GO:0010389,GO:0010468,GO:0010556,GO:0010557,GO:0010558,GO:0010564,GO:0010604,GO:0010605,GO:0010628,GO:0010629,GO:0010646,GO:0010647,GO:0010948,GO:0012505,GO:0014070,GO:0014074,GO:0015030,GO:0015630,GO:0015672,GO:0016043,GO:0016301,GO:0016310,GO:0016569,GO:0016570,GO:0016572,GO:0016604,GO:0016740,GO:0016772,GO:0016773,GO:0018105,GO:0018193,GO:0018209,GO:0019219,GO:0019222,GO:0019538,GO:0019904,GO:0022402,GO:0022414,GO:0022607,GO:0023051,GO:0023052,GO:0023056,GO:0030001,GO:0030154,GO:0030174,GO:0030330,GO:0030332,GO:0031023,GO:0031099,GO:0031100,GO:0031323,GO:0031324,GO:0031325,GO:0031326,GO:0031327,GO:0031328,GO:0031410,GO:0031570,GO:0031571,GO:0031974,GO:0031981,GO:0031982,GO:0032298,GO:0032355,GO:0032501,GO:0032502,GO:0032868,GO:0032869,GO:0032870,GO:0032991,GO:0033554,GO:0033993,GO:0034599,GO:0034614,GO:0034641,GO:0034645,GO:0035556,GO:0035690,GO:0036211,GO:0042127,GO:0042221,GO:0042493,GO:0042770,GO:0043010,GO:0043170,GO:0043226,GO:0043227,GO:0043228,GO:0043229,GO:0043231,GO:0043232,GO:0043233,GO:0043412,GO:0043434,GO:0044085,GO:0044237,GO:0044238,GO:0044249,GO:0044260,GO:0044267,GO:0044422,GO:0044424,GO:0044427,GO:0044428,GO:0044430,GO:0044444,GO:0044446,GO:0044451,GO:0044464,GO:0044770,GO:0044772,GO:0044773,GO:0044774,GO:0044783,GO:0044819,GO:0044839,GO:0044843,GO:0044877,GO:0045023,GO:0045471,GO:0045740,GO:0045786,GO:0045787,GO:0045892,GO:0045893,GO:0045930,GO:0045934,GO:0045935,GO:0046425,GO:0046427,GO:0046483,GO:0046677,GO:0046683,GO:0046686,GO:0048513,GO:0048518,GO:0048519,GO:0048522,GO:0048523,GO:0048583,GO:0048584,GO:0048731,GO:0048856,GO:0048869,GO:0050789,GO:0050794,GO:0050896,GO:0051052,GO:0051054,GO:0051171,GO:0051172,GO:0051173,GO:0051179,GO:0051234,GO:0051252,GO:0051253,GO:0051254,GO:0051276,GO:0051298,GO:0051321,GO:0051445,GO:0051591,GO:0051602,GO:0051716,GO:0051726,GO:0060255,GO:0060968,GO:0061695,GO:0065007,GO:0070013,GO:0070887,GO:0070925,GO:0071156,GO:0071158,GO:0071241,GO:0071310,GO:0071375,GO:0071417,GO:0071495,GO:0071704,GO:0071731,GO:0071732,GO:0071840,GO:0072331,GO:0072395,GO:0072401,GO:0072413,GO:0072422,GO:0072431,GO:0072686,GO:0080090,GO:0090068,GO:0090304,GO:0090329,GO:0097123,GO:0097124,GO:0097134,GO:0097135,GO:0097305,GO:0097366,GO:0097472,GO:0097708,GO:0098534,GO:0098687,GO:0140096,GO:1901360,GO:1901564,GO:1901576,GO:1901652,GO:1901653,GO:1901698,GO:1901699,GO:1901700,GO:1901701,GO:1901796,GO:1901987,GO:1901988,GO:1901990,GO:1901991,GO:1902170,GO:1902400,GO:1902402,GO:1902403,GO:1902494,GO:1902531,GO:1902533,GO:1902554,GO:1902679,GO:1902680,GO:1902749,GO:1902806,GO:1902807,GO:1902911,GO:1903047,GO:1903506,GO:1903507,GO:1903508,GO:1904892,GO:1904894,GO:1990234,GO:2000045,GO:2000105,GO:2000112,GO:2000113,GO:2000134,GO:2000241,GO:2001141 | V8: TRINITY_DN114728_c0_g2 | W8: K02088,K02206 | Y8: TRINITY_DN114728_c0_g2 | Z8: cyclin-dependent protein serine/threonine kinase activity
A9: TRINITY_DN69788_c0_g2 | B9: 146.24651 | C9: -10.470373 | D9: 1.650585 | E9: -6.3434315 | F9: 2.2470287e-10 | G9: 3.5571713e-07 | H9: - | I9: - | J9: - | S9: TRINITY_DN120573_c0_g1 | V9: TRINITY_DN120573_c0_g1 | Y9: TRINITY_DN120573_c0_g1
A10: TRINITY_DN206820_c1_g4 | B10: 91.553169 | C10: -2.2223886 | D10: 0.35640206 | E10: -6.2356223 | F10: 4.4998574e-10 | G10: 6.5755609e-07 | H10: - | I10: - | J10: - | S10: TRINITY_DN123209_c0_g1 | T10: GO:0000719,GO:0003674,GO:0003824,GO:0003904,GO:0003913,GO:0006139,GO:0006259,GO:0006281,GO:0006290,GO:0006725,GO:0006807,GO:0006950,GO:0006974,GO:0008150,GO:0008152,GO:0009987,GO:0016829,GO:0016830,GO:0033554,GO:0034641,GO:0043170,GO:0044237,GO:0044238,GO:0044260,GO:0046483,GO:0050896,GO:0051716,GO:0071704,GO:0090304,GO:0140097,GO:1901360 | V10: TRINITY_DN123209_c0_g1 | W10: K01669 | Y10: TRINITY_DN123209_c0_g1 | Z10: DNA photolyase
A11: TRINITY_DN122184_c0_g2 | B11: 58.617122 | C11: -2.8365078 | D11: 0.46035759 | E11: -6.1615314 | F11: 7.2044781e-10 | G11: 9.3314365e-07 | H11: - | I11: - | J11: - | S11: TRINITY_DN123231_c0_g4 | T11: GO:0005575,GO:0005622,GO:0005623,GO:0005737,GO:0005739,GO:0006996,GO:0007005,GO:0008150,GO:0009987,GO:0016043,GO:0043226,GO:0043227,GO:0043229,GO:0043231,GO:0044424,GO:0044444,GO:0044464,GO:0071840 | V11: TRINITY_DN123231_c0_g4 | W11: K00471 | Y11: TRINITY_DN123231_c0_g4 | Z11: gamma-butyrobetaine dioxygenase activity
A12: TRINITY_DN157925_c0_g3 | B12: 76.905348 | C12: -2.5252777 | D12: 0.41837772 | E12: -6.0358801 | F12: 1.5809864e-09 | G12: 1.7666748e-06 | H12: - | I12: Calcium-dependent protein kinase | J12: GO:0000165,GO:0000187,GO:0001817,GO:0001932,GO:0001934,GO:0002218,GO:0002221,GO:0002224,GO:0002237,GO:0002253,GO:0002376,GO:0002682,GO:0002684,GO:0002757,GO:0002758,GO:0002764,GO:0003674,GO:0003824,GO:0004672,GO:0004674,GO:0004683,GO:0005488,GO:0005515,GO:0005516,GO:0005575,GO:0005622,GO:0005623,GO:0005634,GO:0005654,GO:0005737,GO:0005813,GO:0005815,GO:0005829,GO:0005856,GO:0006082,GO:0006464,GO:0006468,GO:0006690,GO:0006691,GO:0006793,GO:0006796,GO:0006807,GO:0006810,GO:0006897,GO:0006907,GO:0006950,GO:0006952,GO:0006954,GO:0006974,GO:0007154,GO:0007165,GO:0007166,GO:0007167,GO:0007169,GO:0008150,GO:0008152,GO:0009605,GO:0009607,GO:0009617,GO:0009892,GO:0009893,GO:0009894,GO:0009895,GO:0009931,GO:0009966,GO:0009967,GO:0009987,GO:0010033,GO:0010468,GO:0010562,GO:0010604,GO:0010605,GO:0010608,GO:0010628,GO:0010646,GO:0010647,GO:0010857,GO:0015630,GO:0016192,GO:0016301,GO:0016310,GO:0016740,GO:0016772,GO:0016773,GO:0018105,GO:0018193,GO:0018209,GO:0019219,GO:0019220,GO:0019222,GO:0019538,GO:0019752,GO:0019899,GO:0019900,GO:0019901,GO:0023014,GO:0023051,GO:0023052,GO:0023056,GO:0031323,GO:0031324,GO:0031325,GO:0031329,GO:0031330,GO:0031347,GO:0031349,GO:0031399,GO:0031401,GO:0031974,GO:0031981,GO:0032147,GO:0032268,GO:0032270,GO:0032496,GO:0032675,GO:0032680,GO:0033554,GO:0033674,GO:0033993,GO:0034097,GO:0035556,GO:0035924,GO:0036211,GO:0042221,GO:0042325,GO:0042327,GO:0043085,GO:0043170,GO:0043207,GO:0043226,GO:0043227,GO:0043228,GO:0043229,GO:0043231,GO:0043232,GO:0043233,GO:0043405,GO:0043406,GO:0043408,GO:0043410,GO:0043412,GO:0043436,GO:0043487,GO:0043488,GO:0043489,GO:0043549,GO:0044093,GO:0044237,GO:0044238,GO:0044260,GO:0044267,GO:0044281,GO:0044351,GO:0044422,GO:0044424,GO:0044428,GO:0044430,GO:0044444,GO:0044446,GO:0044464,GO:0045088,GO:0045089,GO:0045859,GO:0045860,GO:0045934,GO:0045937,GO:0046777,GO:0048010,GO:0048255,GO:0048518,GO:0048519,GO:0048522,GO:0048523,GO:0048583,GO:0048584,GO:0050776,GO:0050778,GO:0050789,GO:0050790,GO:0050794,GO:0050896,GO:0051019,GO:0051171,GO:0051172,GO:0051173,GO:0051174,GO:0051179,GO:0051234,GO:0051239,GO:0051246,GO:0051247,GO:0051252,GO:0051253,GO:0051338,GO:0051347,GO:0051704,GO:0051707,GO:0051716,GO:0060255,GO:0061013,GO:0065007,GO:0065008,GO:0065009,GO:0070013,GO:0070848,GO:0070887,GO:0070935,GO:0071310,GO:0071363,GO:0071704,GO:0071900,GO:0071902,GO:0080090,GO:0080134,GO:0080135,GO:0098657,GO:0140096,GO:1900034,GO:1901564,GO:1901568,GO:1901700,GO:1902369,GO:1902373,GO:1902531,GO:1902533,GO:1903311,GO:1903312,GO:1903555 | S12: TRINITY_DN123666_c0_g1 | V12: TRINITY_DN123666_c0_g1 | Y12: TRINITY_DN123666_c0_g1
A13: TRINITY_DN113910_c0_g2 | B13: 87.136358 | C13: -2.2130123 | D13: 0.36821975 | E13: -6.0100315 | F13: 1.8548728e-09 | G13: 1.9575778e-06 | H13: K18468 | I13: Plays a role in vesicular protein sorting | J13: - | S13: TRINITY_DN12366_c0_g1 | V13: TRINITY_DN12366_c0_g1 | Y13: TRINITY_DN12366_c0_g1 | Z13: regulation of endocannabinoid signaling pathway
A14: TRINITY_DN225772_c0_g1 | B14: 62.960565 | C14: -3.1256838 | D14: 0.52047759 | E14: -6.0054148 | F14: 1.9084332e-09 | G14: 1.9774838e-06 | H14: - | I14: - | J14: - | S14: TRINITY_DN12554_c0_g2 | V14: TRINITY_DN12554_c0_g2 | Y14: TRINITY_DN12554_c0_g2 | Z14: Fic/DOC family
A15: TRINITY_DN34915_c0_g2 | B15: 80.222133 | C15: -2.2494151 | D15: 0.37675204 | E15: -5.9705453 | F15: 2.3646187e-09 | G15: 2.3234417e-06 | H15: - | I15: - | J15: - | S15: TRINITY_DN128147_c0_g2 | V15: TRINITY_DN128147_c0_g2 | Y15: TRINITY_DN128147_c0_g2 | Z15: Dynamin, GTPase
A16: TRINITY_DN106609_c0_g2 | B16: 79.043755 | C16: -2.0073069 | D16: 0.35377799 | E16: -5.6739167 | F16: 1.3956904e-08 | G16: 9.9425497e-06 | H16: - | I16: - | J16: - | S16: TRINITY_DN136577_c0_g2 | V16: TRINITY_DN136577_c0_g2 | Y16: TRINITY_DN136577_c0_g2 | Z16: calcium ion binding
A17: TRINITY_DN19131_c0_g1 | B17: 125.82011 | C17: -10.252471 | D17: 1.9069713 | E17: -5.376311 | F17: 7.6027427e-08 | G17: 4.2420683e-05 | H17: - | I17: RNA-binding protein mei2 homologue | J17: - | S17: TRINITY_DN139147_c1_g1 | V17: TRINITY_DN139147_c1_g1 | W17: K06999 | Y17: TRINITY_DN139147_c1_g1 | Z17: Phospholipase/Carboxylesterase
A18: TRINITY_DN128742_c0_g3 | B18: 43.364248 | C18: -2.6703418 | D18: 0.49714702 | E18: -5.3713322 | F18: 7.8157076e-08 | G18: 4.2420683e-05 | H18: - | I18: - | J18: - | S18: TRINITY_DN14835_c0_g1 | V18: TRINITY_DN14835_c0_g1 | Y18: TRINITY_DN14835_c0_g1
A19: TRINITY_DN141779_c0_g5 | B19: 34.69274 | C19: -5.9432244 | D19: 1.1199064 | E19: -5.3068941 | F19: 1.1150891e-07 | G19: 5.8301769e-05 | H19: - | I19: - | J19: - | S19: TRINITY_DN154712_c0_g1 | V19: TRINITY_DN154712_c0_g1 | Y19: TRINITY_DN154712_c0_g1 | Z19: Polycystin cation channel
A20: TRINITY_DN28657_c0_g2 | B20: 54.251777 | C20: -2.3887518 | D20: 0.45322965 | E20: -5.2705108 | F20: 1.3604462e-07 | G20: 6.6590329e-05 | H20: K05747 | I20: ubiquitin-protein transferase activity | J20: - | S20: TRINITY_DN157834_c0_g3 | V20: TRINITY_DN157834_c0_g3 | W20: K19947 | Y20: TRINITY_DN157834_c0_g3 | Z20: NADPH:sulfur oxidoreductase activity
A21: TRINITY_DN48606_c0_g1 | B21: 26.95193 | C21: -8.0330009 | D21: 1.5328869 | E21: -5.2404393 | F21: 1.6019478e-07 | G21: 7.4223579e-05 | H21: K01070,K09795 | I21: Serine hydrolase involved in the detoxification of formaldehyde | J21: - | S21: TRINITY_DN157925_c0_g3 | T21: GO:0000165,GO:0000187,GO:0001817,GO:0001932,GO:0001934,GO:0002218,GO:0002221,GO:0002224,GO:0002237,GO:0002253,GO:0002376,GO:0002682,GO:0002684,GO:0002757,GO:0002758,GO:0002764,GO:0003674,GO:0003824,GO:0004672,GO:0004674,GO:0004683,GO:0005488,GO:0005515,GO:0005516,GO:0005575,GO:0005622,GO:0005623,GO:0005634,GO:0005654,GO:0005737,GO:0005813,GO:0005815,GO:0005829,GO:0005856,GO:0006082,GO:0006464,GO:0006468,GO:0006690,GO:0006691,GO:0006793,GO:0006796,GO:0006807,GO:0006810,GO:0006897,GO:0006907,GO:0006950,GO:0006952,GO:0006954,GO:0006974,GO:0007154,GO:0007165,GO:0007166,GO:0007167,GO:0007169,GO:0008150,GO:0008152,GO:0009605,GO:0009607,GO:0009617,GO:0009892,GO:0009893,GO:0009894,GO:0009895,GO:0009931,GO:0009966,GO:0009967,GO:0009987,GO:0010033,GO:0010468,GO:0010562,GO:0010604,GO:0010605,GO:0010608,GO:0010628,GO:0010646,GO:0010647,GO:0010857,GO:0015630,GO:0016192,GO:0016301,GO:0016310,GO:0016740,GO:0016772,GO:0016773,GO:0018105,GO:0018193,GO:0018209,GO:0019219,GO:0019220,GO:0019222,GO:0019538,GO:0019752,GO:0019899,GO:0019900,GO:0019901,GO:0023014,GO:0023051,GO:0023052,GO:0023056,GO:0031323,GO:0031324,GO:0031325,GO:0031329,GO:0031330,GO:0031347,GO:0031349,GO:0031399,GO:0031401,GO:0031974,GO:0031981,GO:0032147,GO:0032268,GO:0032270,GO:0032496,GO:0032675,GO:0032680,GO:0033554,GO:0033674,GO:0033993,GO:0034097,GO:0035556,GO:0035924,GO:0036211,GO:0042221,GO:0042325,GO:0042327,GO:0043085,GO:0043170,GO:0043207,GO:0043226,GO:0043227,GO:0043228,GO:0043229,GO:0043231,GO:0043232,GO:0043233,GO:0043405,GO:0043406,GO:0043408,GO:0043410,GO:0043412,GO:0043436,GO:0043487,GO:0043488,GO:0043489,GO:0043549,GO:0044093,GO:0044237,GO:0044238,GO:0044260,GO:0044267,GO:0044281,GO:0044351,GO:0044422,GO:0044424,GO:0044428,GO:0044430,GO:0044444,GO:0044446,GO:0044464,GO:0045088,GO:0045089,GO:0045859,GO:0045860,GO:0045934,GO:0045937,GO:0046777,GO:0048010,GO:0048255,GO:0048518,GO:0048519,GO:0048522,GO:0048523,GO:0048583,GO:0048584,GO:0050776,GO:0050778,GO:0050789,GO:0050790,GO:0050794,GO:0050896,GO:0051019,GO:0051171,GO:0051172,GO:0051173,GO:0051174,GO:0051179,GO:0051234,GO:0051239,GO:0051246,GO:0051247,GO:0051252,GO:0051253,GO:0051338,GO:0051347,GO:0051704,GO:0051707,GO:0051716,GO:0060255,GO:0061013,GO:0065007,GO:0065008,GO:0065009,GO:0070013,GO:0070848,GO:0070887,GO:0070935,GO:0071310,GO:0071363,GO:0071704,GO:0071900,GO:0071902,GO:0080090,GO:0080134,GO:0080135,GO:0098657,GO:0140096,GO:1900034,GO:1901564,GO:1901568,GO:1901700,GO:1902369,GO:1902373,GO:1902531,GO:1902533,GO:1903311,GO:1903312,GO:1903555 | V21: TRINITY_DN157925_c0_g3 | Y21: TRINITY_DN157925_c0_g3 | Z21: Calcium-dependent protein kinase
A22: TRINITY_DN29380_c0_g1 | B22: 26.953588 | C22: -8.0209479 | D22: 1.5334177 | E22: -5.2307653 | F22: 1.6880975e-07 | G22: 7.7584416e-05 | H22: - | I22: - | J22: - | S22: TRINITY_DN159490_c1_g2 | V22: TRINITY_DN159490_c1_g2 | Y22: TRINITY_DN159490_c1_g2 | Z22: Sulfotransferase family
A23: TRINITY_DN165847_c1_g1 | B23: 53.72059 | C23: -2.5162583 | D23: 0.48224582 | E23: -5.2177919 | F23: 1.8106873e-07 | G23: 8.1252811e-05 | H23: - | I23: - | J23: - | S23: TRINITY_DN169098_c0_g1 | T23: GO:0000041,GO:0003674,GO:0005215,GO:0005575,GO:0005623,GO:0005886,GO:0005887,GO:0006810,GO:0006811,GO:0006812,GO:0008150,GO:0008324,GO:0015075,GO:0015099,GO:0015318,GO:0015675,GO:0016020,GO:0016021,GO:0022857,GO:0022890,GO:0030001,GO:0031224,GO:0031226,GO:0034220,GO:0035444,GO:0044425,GO:0044459,GO:0044464,GO:0044750,GO:0046873,GO:0046915,GO:0051179,GO:0051234,GO:0055085,GO:0071944,GO:0098655,GO:0098657,GO:0098659,GO:0098660,GO:0098662,GO:0098716,GO:0098739,GO:0099587 | V23: TRINITY_DN169098_c0_g1 | W23: K07241 | Y23: TRINITY_DN169098_c0_g1 | Z23: High-affinity nickel-transport protein
A24: TRINITY_DN198015_c0_g4 | B24: 33.226877 | C24: -3.1357024 | D24: 0.61249216 | E24: -5.1195796 | F24: 3.0621757e-07 | G24: 0.00013023388 | H24: - | I24: - | J24: - | S24: TRINITY_DN187798_c1_g1 | V24: TRINITY_DN187798_c1_g1 | Y24: TRINITY_DN187798_c1_g1 | Z24: Protein tyrosine kinase
A25: TRINITY_DN69828_c0_g1 | B25: 42.542187 | C25: -2.5762215 | D25: 0.50356781 | E25: -5.1159375 | F25: 3.1218636e-07 | G25: 0.00013178889 | H25: - | I25: - | J25: - | S25: TRINITY_DN191166_c0_g3 | T25: GO:0003674,GO:0003824,GO:0005575,GO:0005622,GO:0005623,GO:0005737,GO:0005829,GO:0005911,GO:0006139,GO:0006725,GO:0006793,GO:0006807,GO:0006810,GO:0008150,GO:0008152,GO:0009058,GO:0009225,GO:0009226,GO:0009506,GO:0009812,GO:0009813,GO:0009914,GO:0009966,GO:0009987,GO:0010253,GO:0010280,GO:0010315,GO:0010646,GO:0010817,GO:0010928,GO:0016829,GO:0016835,GO:0016836,GO:0018130,GO:0019438,GO:0023051,GO:0030054,GO:0030154,GO:0032502,GO:0033478,GO:0034641,GO:0034654,GO:0042127,GO:0042440,GO:0044237,GO:0044238,GO:0044249,GO:0044271,GO:0044281,GO:0044424,GO:0044444,GO:0044464,GO:0046148,GO:0046483,GO:0048583,GO:0048869,GO:0050377,GO:0050789,GO:0050794,GO:0051179,GO:0051234,GO:0051552,GO:0051553,GO:0051554,GO:0051555,GO:0055044,GO:0055086,GO:0060918,GO:0065007,GO:0065008,GO:0071704,GO:1901135,GO:1901137,GO:1901360,GO:1901362,GO:1901576,GO:1901615,GO:1901617 | V25: TRINITY_DN191166_c0_g3 | W25: K12450 | Y25: TRINITY_DN191166_c0_g3 | Z25: rhamnose biosynthetic enzyme
A26: TRINITY_DN54874_c0_g2 | B26: 24.308711 | C26: -7.8828991 | D26: 1.5431775 | E26: -5.1082257 | F26: 3.2519814e-07 | G26: 0.00013627237 | H26: - | I26: - | J26: - | S26: TRINITY_DN19131_c0_g1 | V26: TRINITY_DN19131_c0_g1 | Y26: TRINITY_DN19131_c0_g1 | Z26: RNA-binding protein mei2 homologue
A27: TRINITY_DN6716_c0_g1 | B27: 23.892919 | C27: -7.8666177 | D27: 1.5502967 | E27: -5.0742658 | F27: 3.889949e-07 | G27: 0.00015595869 | H27: K06641 | I27: Belongs to the protein kinase superfamily | J27: GO:0000075,GO:0000077,GO:0003674,GO:0003824,GO:0004672,GO:0004674,GO:0004683,GO:0005488,GO:0005515,GO:0005516,GO:0005575,GO:0005622,GO:0005623,GO:0005634,GO:0006139,GO:0006259,GO:0006260,GO:0006261,GO:0006275,GO:0006464,GO:0006468,GO:0006725,GO:0006793,GO:0006796,GO:0006807,GO:0006950,GO:0006974,GO:0006979,GO:0007154,GO:0007165,GO:0008150,GO:0008152,GO:0008156,GO:0009058,GO:0009059,GO:0009889,GO:0009890,GO:0009892,GO:0009987,GO:0010556,GO:0010558,GO:0010605,GO:0016301,GO:0016310,GO:0016740,GO:0016772,GO:0016773,GO:0018105,GO:0018107,GO:0018193,GO:0018209,GO:0018210,GO:0019219,GO:0019222,GO:0019538,GO:0023052,GO:0031323,GO:0031324,GO:0031326,GO:0031327,GO:0031570,GO:0033554,GO:0034599,GO:0034641,GO:0034645,GO:0035556,GO:0036211,GO:0042221,GO:0043170,GO:0043226,GO:0043227,GO:0043229,GO:0043231,GO:0043412,GO:0044237,GO:0044238,GO:0044249,GO:0044260,GO:0044267,GO:0044424,GO:0044464,GO:0045005,GO:0045786,GO:0045934,GO:0046483,GO:0048478,GO:0048519,GO:0048523,GO:0050789,GO:0050794,GO:0050896,GO:0051052,GO:0051053,GO:0051171,GO:0051172,GO:0051716,GO:0051726,GO:0060255,GO:0065007,GO:0070887,GO:0071704,GO:0080090,GO:0090304,GO:0090329,GO:0140096,GO:1901360,GO:1901564,GO:1901576,GO:2000104,GO:2000112,GO:2000113 | S27: TRINITY_DN199776_c0_g1 | V27: TRINITY_DN199776_c0_g1 | W27: K20444 | Y27: TRINITY_DN199776_c0_g1 | Z27: Sulfotransferase family
A28: TRINITY_DN68465_c0_g1 | B28: 24.203106 | C28: -7.890102 | D28: 1.5552742 | E28: -5.0731259 | F28: 3.9133344e-07 | G28: 0.00015595869 | H28: - | I28: - | J28: - | S28: TRINITY_DN203859_c0_g2 | V28: TRINITY_DN203859_c0_g2 | Y28: TRINITY_DN203859_c0_g2 | Z28: macromolecule localization
A29: TRINITY_DN151915_c0_g2 | B29: 53.615692 | C29: -2.221817 | D29: 0.43946867 | E29: -5.0556892 | F29: 4.2883934e-07 | G29: 0.0001659457 | H29: - | I29: - | J29: - | S29: TRINITY_DN209900_c0_g2 | V29: TRINITY_DN209900_c0_g2 | Y29: TRINITY_DN209900_c0_g2
A30: TRINITY_DN7731_c0_g2 | B30: 22.987931 | C30: -7.794574 | D30: 1.5494175 | E30: -5.030648 | F30: 4.8882494e-07 | G30: 0.00017972989 | H30: - | I30: - | J30: - | S30: TRINITY_DN211470_c1_g5 | T30: GO:0000154,GO:0000455,GO:0001522,GO:0003674,GO:0003824,GO:0005575,GO:0005622,GO:0005623,GO:0005737,GO:0005829,GO:0006139,GO:0006364,GO:0006396,GO:0006399,GO:0006400,GO:0006725,GO:0006807,GO:0008033,GO:0008150,GO:0008152,GO:0009451,GO:0009982,GO:0009987,GO:0010467,GO:0016070,GO:0016072,GO:0016853,GO:0016866,GO:0022613,GO:0031118,GO:0031119,GO:0034470,GO:0034641,GO:0034660,GO:0042254,GO:0043170,GO:0043412,GO:0044085,GO:0044237,GO:0044238,GO:0044424,GO:0044444,GO:0044464,GO:0046483,GO:0071704,GO:0071840,GO:0090304,GO:1901360 | V30: TRINITY_DN211470_c1_g5 | W30: K06178,K06182,K06183 | Y30: TRINITY_DN211470_c1_g5 | Z30: Belongs to the pseudouridine synthase RsuA family
A31: TRINITY_DN135274_c0_g1 | B31: 22.340327 | C31: -7.7507057 | D31: 1.5537625 | E31: -4.9883464 | F31: 6.0898287e-07 | G31: 0.00021827631 | H31: - | I31: - | J31: - | S31: TRINITY_DN215887_c0_g5 | T31: GO:0003674,GO:0003824,GO:0005215,GO:0005575,GO:0005622,GO:0005623,GO:0005886,GO:0006139,GO:0006163,GO:0006164,GO:0006725,GO:0006753,GO:0006754,GO:0006793,GO:0006796,GO:0006807,GO:0006810,GO:0006811,GO:0006812,GO:0008150,GO:0008152,GO:0008324,GO:0009058,GO:0009117,GO:0009123,GO:0009124,GO:0009126,GO:0009127,GO:0009141,GO:0009142,GO:0009144,GO:0009145,GO:0009150,GO:0009152,GO:0009156,GO:0009161,GO:0009165,GO:0009167,GO:0009168,GO:0009199,GO:0009201,GO:0009205,GO:0009206,GO:0009259,GO:0009260,GO:0009987,GO:0015075,GO:0015077,GO:0015078,GO:0015318,GO:0015399,GO:0015405,GO:0015672,GO:0015985,GO:0015986,GO:0016020,GO:0016462,GO:0016469,GO:0016787,GO:0016817,GO:0016818,GO:0016887,GO:0017111,GO:0017144,GO:0018130,GO:0019438,GO:0019637,GO:0019693,GO:0019829,GO:0022804,GO:0022853,GO:0022857,GO:0022890,GO:0032991,GO:0033178,GO:0034220,GO:0034641,GO:0034654,GO:0036442,GO:0042623,GO:0042625,GO:0042626,GO:0043492,GO:0044237,GO:0044238,GO:0044249,GO:0044271,GO:0044281,GO:0044424,GO:0044425,GO:0044459,GO:0044464,GO:0044769,GO:0045259,GO:0045260,GO:0045261,GO:0045262,GO:0046034,GO:0046390,GO:0046483,GO:0046933,GO:0046961,GO:0051179,GO:0051234,GO:0055085,GO:0055086,GO:0071704,GO:0071944,GO:0072521,GO:0072522,GO:0090407,GO:0090662,GO:0098655,GO:0098660,GO:0098662,GO:0098796,GO:0098797,GO:0099131,GO:0099132,GO:1901135,GO:1901137,GO:1901293,GO:1901360,GO:1901362,GO:1901564,GO:1901566,GO:1901576,GO:1902600 | V31: TRINITY_DN215887_c0_g5 | W31: K02112 | Y31: TRINITY_DN215887_c0_g5 | Z31: Produces ATP from ADP in the presence of a proton gradient across the membrane. The catalytic sites are hosted primarily by the beta subunits
A32: TRINITY_DN70100_c0_g3 | B32: 21.300845 | C32: -7.7054465 | D32: 1.5704643 | E32: -4.9064768 | F32: 9.2726944e-07 | G32: 0.00030903559 | H32: K21989 | I32: CSC1-like protein ERD4 | J32: GO:0005575,GO:0005622,GO:0005623,GO:0005737,GO:0005773,GO:0005774,GO:0005886,GO:0005911,GO:0009506,GO:0009507,GO:0009526,GO:0009536,GO:0009941,GO:0016020,GO:0030054,GO:0031090,GO:0031967,GO:0031975,GO:0043226,GO:0043227,GO:0043229,GO:0043231,GO:0044422,GO:0044424,GO:0044434,GO:0044435,GO:0044437,GO:0044444,GO:0044446,GO:0044464,GO:0055044,GO:0071944,GO:0098588,GO:0098805 | S32: TRINITY_DN222617_c0_g2 | V32: TRINITY_DN222617_c0_g2 | Y32: TRINITY_DN222617_c0_g2 | Z32: protein polyglycylation
A33: TRINITY_DN72903_c0_g2 | B33: 19.593159 | C33: -7.5613629 | D33: 1.5716821 | E33: -4.8110001 | F33: 1.5017694e-06 | G33: 0.0004601389 | H33: - | I33: - | J33: - | S33: TRINITY_DN23956_c0_g2 | V33: TRINITY_DN23956_c0_g2 | W33: K02154 | Y33: TRINITY_DN23956_c0_g2 | Z33: Essential component of the vacuolar proton pump (V- ATPase), a multimeric enzyme that catalyzes the translocation of protons across the membranes. Required for assembly and activity of the V-ATPase
A34: TRINITY_DN62247_c0_g2 | B34: 19.66822 | C34: -7.5908275 | D34: 1.5826802 | E34: -4.7961851 | F34: 1.6171584e-06 | G34: 0.00048252281 | H34: - | I34: - | J34: - | S34: TRINITY_DN24066_c0_g1 | T34: GO:0000302,GO:0003674,GO:0003824,GO:0004130,GO:0004601,GO:0006950,GO:0006979,GO:0008150,GO:0008152,GO:0009056,GO:0009636,GO:0009987,GO:0016209,GO:0016491,GO:0016684,GO:0016999,GO:0017001,GO:0017144,GO:0033554,GO:0034599,GO:0042221,GO:0042737,GO:0042743,GO:0042744,GO:0044237,GO:0044248,GO:0050896,GO:0051186,GO:0051187,GO:0051716,GO:0055114,GO:0070887,GO:0072593,GO:0097237,GO:0098754,GO:0098869,GO:1901700,GO:1990748 | V34: TRINITY_DN24066_c0_g1 | W34: K00428 | Y34: TRINITY_DN24066_c0_g1 | Z34: Peroxidase
A35: TRINITY_DN72876_c0_g1 | B35: 24.885835 | C35: -4.3931639 | D35: 0.92089393 | E35: -4.7705428 | F35: 1.8373017e-06 | G35: 0.0005315118 | H35: - | I35: - | J35: - | S35: TRINITY_DN2484_c0_g2 | T35: GO:0005575,GO:0005622,GO:0005623,GO:0005634,GO:0005730,GO:0006139,GO:0006364,GO:0006396,GO:0006725,GO:0006807,GO:0008150,GO:0008152,GO:0008283,GO:0009966,GO:0009987,GO:0010467,GO:0010646,GO:0016070,GO:0016072,GO:0022613,GO:0023051,GO:0031974,GO:0031981,GO:0032502,GO:0034470,GO:0034641,GO:0034660,GO:0042254,GO:0042273,GO:0043170,GO:0043226,GO:0043227,GO:0043228,GO:0043229,GO:0043231,GO:0043232,GO:0043233,GO:0044085,GO:0044237,GO:0044238,GO:0044422,GO:0044424,GO:0044428,GO:0044446,GO:0044464,GO:0046483,GO:0048583,GO:0048856,GO:0050789,GO:0050794,GO:0060021,GO:0065007,GO:0070013,GO:0071704,GO:0071840,GO:0090304,GO:1901360,GO:1901796,GO:1902531 | V35: TRINITY_DN2484_c0_g2 | W35: K14830 | Y35: TRINITY_DN2484_c0_g2 | Z35: P21-activated protein kinase-interacting protein
A36: TRINITY_DN100360_c0_g2 | B36: 32.350527 | C36: -2.9733215 | D36: 0.62704336 | E36: -4.7418116 | F36: 2.1181555e-06 | G36: 0.00059173374 | H36: - | I36: - | J36: - | S36: TRINITY_DN25234_c0_g2 | V36: TRINITY_DN25234_c0_g2 | Y36: TRINITY_DN25234_c0_g2 | Z36: stress-induced mitochondrial fusion
A37: TRINITY_DN12366_c0_g1 | B37: 59.324853 | C37: -2.0251132 | D37: 0.42745428 | E37: -4.7376135 | F37: 2.1624978e-06 | G37: 0.00059536593 | H37: - | I37: regulation of endocannabinoid signaling pathway | J37: - | S37: TRINITY_DN257390_c0_g1 | V37: TRINITY_DN257390_c0_g1 | Y37: TRINITY_DN257390_c0_g1 | Z37: von Willebrand factor (vWF) type A domain
A38: TRINITY_DN187798_c1_g1 | B38: 41.209388 | C38: -2.6863578 | D38: 0.57002662 | E38: -4.7126882 | F38: 2.4447006e-06 | G38: 0.00066344517 | H38: - | I38: Protein tyrosine kinase | J38: - | S38: TRINITY_DN259981_c0_g1 | V38: TRINITY_DN259981_c0_g1 | Y38: TRINITY_DN259981_c0_g1
A39: TRINITY_DN154524_c0_g3 | B39: 17.64869 | C39: -7.4181116 | D39: 1.5872498 | E39: -4.6735626 | F39: 2.9601935e-06 | G39: 0.00075650865 | H39: - | I39: - | J39: - | S39: TRINITY_DN259981_c0_g2 | V39: TRINITY_DN259981_c0_g2 | Y39: TRINITY_DN259981_c0_g2
A40: TRINITY_DN31863_c0_g1 | B40: 63.550702 | C40: -2.2115629 | D40: 0.47348706 | E40: -4.6707989 | F40: 3.0003051e-06 | G40: 0.00076171631 | H40: - | I40: AAA domain | J40: - | S40: TRINITY_DN26197_c0_g1 | V40: TRINITY_DN26197_c0_g1 | Y40: TRINITY_DN26197_c0_g1 | Z40: ABC transporter
A41: TRINITY_DN222617_c0_g2 | B41: 18.396927 | C41: -7.5032421 | D41: 1.6212795 | E41: -4.6279756 | F41: 3.6925743e-06 | G41: 0.00091895114 | H41: - | I41: protein polyglycylation | J41: - | S41: TRINITY_DN265034_c0_g1 | V41: TRINITY_DN265034_c0_g1 | W41: K11968 | Y41: TRINITY_DN265034_c0_g1 | Z41: protein polyubiquitination
A42: TRINITY_DN138993_c0_g1 | B42: 17.183409 | C42: -7.3668378 | D42: 1.5966879 | E42: -4.6138247 | F42: 3.9532596e-06 | G42: 0.00097110458 | H42: - | I42: - | J42: - | S42: TRINITY_DN28657_c0_g2 | V42: TRINITY_DN28657_c0_g2 | W42: K05747 | Y42: TRINITY_DN28657_c0_g2 | Z42: ubiquitin-protein transferase activity
A43: TRINITY_DN37018_c0_g2 | B43: 23.205038 | C43: -4.3291473 | D43: 0.94255671 | E43: -4.5929834 | F43: 4.369539e-06 | G43: 0.0010419248 | H43: - | I43: - | J43: - | S43: TRINITY_DN310617_c0_g1 | V43: TRINITY_DN310617_c0_g1 | W43: K07238 | Y43: TRINITY_DN310617_c0_g1 | Z43: ZIP family transporter
A44: TRINITY_DN63757_c0_g1 | B44: 16.921053 | C44: -7.3761937 | D44: 1.6132199 | E44: -4.5723425 | F44: 4.8230171e-06 | G44: 0.0011218928 | H44: - | I44: - | J44: - | S44: TRINITY_DN31863_c0_g1 | V44: TRINITY_DN31863_c0_g1 | Y44: TRINITY_DN31863_c0_g1 | Z44: AAA domain
A45: TRINITY_DN71836_c0_g1 | B45: 34.941715 | C45: -2.7476666 | D45: 0.60719625 | E45: -4.5251705 | F45: 6.0346843e-06 | G45: 0.0013176884 | H45: - | I45: - | J45: - | S45: TRINITY_DN33335_c0_g1 | V45: TRINITY_DN33335_c0_g1 | Y45: TRINITY_DN33335_c0_g1 | Z45: Protein kinase domain-containing protein
A46: TRINITY_DN72209_c0_g2 | B46: 33.859634 | C46: -2.4220814 | D46: 0.54495417 | E46: -4.4445598 | F46: 8.8072004e-06 | G46: 0.0017891211 | H46: - | I46: - | J46: - | S46: TRINITY_DN343216_c0_g1 | V46: TRINITY_DN343216_c0_g1 | W46: K01426 | Y46: TRINITY_DN343216_c0_g1 | Z46: fatty acid amide hydrolase activity
A47: TRINITY_DN57635_c0_g1 | B47: 14.928753 | C47: -7.1622795 | D47: 1.6263038 | E47: -4.4040232 | F47: 1.0626159e-05 | G47: 0.0021100515 | H47: - | I47: Taurine catabolism dioxygenase TauD, TfdA family | J47: - | S47: TRINITY_DN34767_c0_g1 | T47: GO:0000209,GO:0003674,GO:0003824,GO:0004842,GO:0005575,GO:0005622,GO:0005623,GO:0005737,GO:0006464,GO:0006807,GO:0008150,GO:0008152,GO:0009987,GO:0016567,GO:0016740,GO:0019538,GO:0019787,GO:0032446,GO:0036211,GO:0043170,GO:0043412,GO:0044237,GO:0044238,GO:0044260,GO:0044267,GO:0044424,GO:0044464,GO:0045786,GO:0048519,GO:0048523,GO:0050789,GO:0050794,GO:0051726,GO:0065007,GO:0070647,GO:0071704,GO:0140096,GO:1901564 | V47: TRINITY_DN34767_c0_g1 | W47: K15692 | Y47: TRINITY_DN34767_c0_g1 | Z47: Receptor homology region, transmembrane domain- and RING domain-containing protein
A48: TRINITY_DN107447_c0_g1 | B48: 14.589678 | C48: -7.1543239 | D48: 1.6308677 | E48: -4.3868205 | F48: 1.1501963e-05 | G48: 0.0022448524 | H48: K04460 | I48: Protein phosphatase 2A homologues, catalytic domain. | J48: GO:0003674,GO:0003824,GO:0004721,GO:0005488,GO:0005515,GO:0005575,GO:0005622,GO:0005623,GO:0005737,GO:0005819,GO:0005856,GO:0006464,GO:0006470,GO:0006793,GO:0006796,GO:0006807,GO:0008104,GO:0008150,GO:0008152,GO:0009987,GO:0015630,GO:0016311,GO:0016787,GO:0016788,GO:0016791,GO:0017157,GO:0019538,GO:0031072,GO:0032879,GO:0033036,GO:0033365,GO:0034613,GO:0036211,GO:0042578,GO:0043170,GO:0043226,GO:0043228,GO:0043229,GO:0043232,GO:0043412,GO:0044237,GO:0044238,GO:0044260,GO:0044267,GO:0044422,GO:0044424,GO:0044430,GO:0044446,GO:0044464,GO:0045920,GO:0048519,GO:0048523,GO:0050789,GO:0050794,GO:0051046,GO:0051048,GO:0051049,GO:0051051,GO:0051179,GO:0051641,GO:0051879,GO:0060627,GO:0065007,GO:0070727,GO:0071704,GO:0072686,GO:0140096,GO:1901564,GO:1903530,GO:1903531 | S48: TRINITY_DN3651_c0_g2 | V48: TRINITY_DN3651_c0_g2 | W48: K14567 | Y48: TRINITY_DN3651_c0_g2 | Z48: Utp14 protein
A49: TRINITY_DN76713_c0_g1 | B49: 38.157529 | C49: -2.2279743 | D49: 0.51190025 | E49: -4.3523602 | F49: 1.3467975e-05 | G49: 0.0025499664 | H49: - | I49: - | J49: - | S49: TRINITY_DN388040_c0_g1 | V49: TRINITY_DN388040_c0_g1 | Y49: TRINITY_DN388040_c0_g1 | Z49: pyrroline-5-carboxylate reductase activity
A50: TRINITY_DN80400_c0_g2 | B50: 57.869458 | C50: -2.1859606 | D50: 0.50239708 | E50: -4.3510615 | F50: 1.3548003e-05 | G50: 0.0025566249 | H50: - | I50: - | J50: - | S50: TRINITY_DN389124_c0_g1 | V50: TRINITY_DN389124_c0_g1 | W50: K03654,K07114,K14949 | Y50: TRINITY_DN389124_c0_g1 | Z50: Vault protein inter-alpha-trypsin domain
A51: TRINITY_DN77887_c0_g1 | B51: 21.361543 | C51: -4.1573029 | D51: 0.95569547 | E51: -4.3500289 | F51: 1.3611958e-05 | G51: 0.0025602161 | H51: - | I51: Protease prsW family | J51: - | S51: TRINITY_DN394876_c0_g1 | V51: TRINITY_DN394876_c0_g1 | Y51: TRINITY_DN394876_c0_g1
A52: TRINITY_DN3651_c0_g2 | B52: 16.227276 | C52: -7.2648572 | D52: 1.672621 | E52: -4.343397 | F52: 1.4029628e-05 | G52: 0.0026214704 | H52: K14567 | I52: Utp14 protein | J52: - | S52: TRINITY_DN39947_c0_g1 | V52: TRINITY_DN39947_c0_g1 | W52: K04955,K21867 | Y52: TRINITY_DN39947_c0_g1 | Z52: voltage-gated potassium channel activity
A53: TRINITY_DN66988_c0_g1 | B53: 14.252261 | C53: -7.1259703 | D53: 1.6441908 | E53: -4.3340287 | F53: 1.4640505e-05 | G53: 0.0026914915 | H53: - | I53: - | J53: - | S53: TRINITY_DN431869_c0_g1 | T53: GO:0003674,GO:0005215,GO:0005575,GO:0005623,GO:0005886,GO:0005887,GO:0006810,GO:0008150,GO:0016020,GO:0016021,GO:0022857,GO:0031224,GO:0031226,GO:0044425,GO:0044459,GO:0044464,GO:0051179,GO:0051234,GO:0055085,GO:0071944 | V53: TRINITY_DN431869_c0_g1 | Y53: TRINITY_DN431869_c0_g1 | Z53: Solute carrier family 18, subfamily B, member 1
A54: TRINITY_DN82277_c0_g1 | B54: 15.059931 | C54: -7.1610646 | D54: 1.6578918 | E54: -4.3193799 | F54: 1.5646824e-05 | G54: 0.0028398487 | H54: - | I54: Middle domain of eukaryotic initiation factor 4G (eIF4G) | J54: GO:0000339,GO:0003674,GO:0003676,GO:0003723,GO:0005488,GO:0005575,GO:0005622,GO:0005623,GO:0005737,GO:0005829,GO:0006412,GO:0006417,GO:0006446,GO:0006518,GO:0006807,GO:0008135,GO:0008150,GO:0008152,GO:0009058,GO:0009059,GO:0009889,GO:0009987,GO:0010467,GO:0010468,GO:0010556,GO:0010608,GO:0016281,GO:0019222,GO:0019538,GO:0031323,GO:0031326,GO:0032268,GO:0032991,GO:0034248,GO:0034641,GO:0034645,GO:0043043,GO:0043170,GO:0043603,GO:0043604,GO:0044237,GO:0044238,GO:0044249,GO:0044260,GO:0044267,GO:0044271,GO:0044424,GO:0044444,GO:0044464,GO:0050789,GO:0050794,GO:0051171,GO:0051246,GO:0060255,GO:0065007,GO:0071704,GO:0080090,GO:0097159,GO:1901363,GO:1901564,GO:1901566,GO:1901576,GO:2000112 | S54: TRINITY_DN45621_c0_g2 | T54: GO:0000827,GO:0000828,GO:0000829,GO:0003674,GO:0003824,GO:0005575,GO:0005622,GO:0005623,GO:0005737,GO:0006066,GO:0006109,GO:0006793,GO:0006796,GO:0008150,GO:0008152,GO:0009058,GO:0009889,GO:0009987,GO:0010675,GO:0010919,GO:0016301,GO:0016310,GO:0016740,GO:0016772,GO:0016776,GO:0019220,GO:0019222,GO:0019637,GO:0019751,GO:0023052,GO:0031323,GO:0031326,GO:0032958,GO:0033200,GO:0043255,GO:0043647,GO:0044237,GO:0044281,GO:0044283,GO:0044424,GO:0044464,GO:0046165,GO:0046173,GO:0050789,GO:0050794,GO:0051174,GO:0062012,GO:0065007,GO:0071704,GO:0080090,GO:0090407,GO:1901576,GO:1901615,GO:1901617,GO:1902930 | V54: TRINITY_DN45621_c0_g2 | W54: K07756 | Y54: TRINITY_DN45621_c0_g2 | Z54: inositol phosphate biosynthetic process
A55: TRINITY_DN315734_c0_g1 | B55: 13.502367 | C55: -7.0289697 | D55: 1.6426542 | E55: -4.279032 | F55: 1.877079e-05 | G55: 0.0032221305 | H55: - | I55: - | J55: - | S55: TRINITY_DN48007_c0_g1 | V55: TRINITY_DN48007_c0_g1 | Y55: TRINITY_DN48007_c0_g1
A56: TRINITY_DN259981_c0_g2 | B56: 13.476794 | C56: -7.021824 | D56: 1.6443659 | E56: -4.2702321 | F56: 1.9526968e-05 | G56: 0.0033219162 | H56: - | I56: - | J56: - | S56: TRINITY_DN48606_c0_g1 | V56: TRINITY_DN48606_c0_g1 | W56: K01070,K09795 | Y56: TRINITY_DN48606_c0_g1 | Z56: Serine hydrolase involved in the detoxification of formaldehyde
A57: TRINITY_DN432608_c0_g1 | B57: 32.680443 | C57: -2.5399832 | D57: 0.59528335 | E57: -4.2668474 | F57: 1.9825471e-05 | G57: 0.0033626594 | H57: - | I57: - | J57: - | S57: TRINITY_DN49450_c0_g2 | V57: TRINITY_DN49450_c0_g2 | W57: K02471 | Y57: TRINITY_DN49450_c0_g2 | Z57: (ABC) transporter
A58: TRINITY_DN201260_c3_g5 | B58: 13.425649 | C58: -7.0078836 | D58: 1.6527445 | E58: -4.2401494 | F58: 2.2337108e-05 | G58: 0.0036580224 | H58: - | I58: - | J58: - | S58: TRINITY_DN52510_c0_g2 | T58: GO:0003674,GO:0005215,GO:0005216,GO:0005244,GO:0005247,GO:0005253,GO:0005254,GO:0005575,GO:0005622,GO:0005623,GO:0005737,GO:0006091,GO:0006810,GO:0006811,GO:0006820,GO:0006821,GO:0006996,GO:0008150,GO:0008152,GO:0008308,GO:0008509,GO:0009507,GO:0009532,GO:0009533,GO:0009534,GO:0009536,GO:0009570,GO:0009579,GO:0009657,GO:0009668,GO:0009987,GO:0010027,GO:0010109,GO:0015075,GO:0015103,GO:0015108,GO:0015267,GO:0015318,GO:0015698,GO:0015979,GO:0016020,GO:0016043,GO:0019222,GO:0019684,GO:0022803,GO:0022832,GO:0022836,GO:0022838,GO:0022839,GO:0022857,GO:0031323,GO:0031976,GO:0031984,GO:0034220,GO:0034357,GO:0042548,GO:0042651,GO:0043226,GO:0043227,GO:0043229,GO:0043231,GO:0043467,GO:0044237,GO:0044422,GO:0044424,GO:0044434,GO:0044435,GO:0044436,GO:0044444,GO:0044446,GO:0044464,GO:0050789,GO:0050794,GO:0051179,GO:0051234,GO:0055085,GO:0061024,GO:0065007,GO:0071840,GO:0098656,GO:0098660,GO:0098661,GO:1902476 | V58: TRINITY_DN52510_c0_g2 | W58: K08994 | Y58: TRINITY_DN52510_c0_g2 | Z58: regulation of photosynthesis, light reaction
A59: TRINITY_DN114728_c0_g2 | B59: 13.841441 | C59: -7.0411281 | D59: 1.6701353 | E59: -4.2159028 | F59: 2.4878095e-05 | G59: 0.004016438 | H59: K02088,K02206 | I59: cyclin-dependent protein serine/threonine kinase activity | J59: GO:0000003,GO:0000075,GO:0000077,GO:0000082,GO:0000086,GO:0000122,GO:0000226,GO:0000278,GO:0000302,GO:0000307,GO:0000781,GO:0000793,GO:0000803,GO:0000805,GO:0000806,GO:0001654,GO:0002088,GO:0003674,GO:0003824,GO:0004672,GO:0004674,GO:0004693,GO:0005488,GO:0005515,GO:0005575,GO:0005622,GO:0005623,GO:0005634,GO:0005654,GO:0005667,GO:0005694,GO:0005737,GO:0005768,GO:0005813,GO:0005815,GO:0005819,GO:0005829,GO:0005856,GO:0006139,GO:0006259,GO:0006260,GO:0006275,GO:0006281,GO:0006325,GO:0006355,GO:0006357,GO:0006464,GO:0006468,GO:0006725,GO:0006793,GO:0006796,GO:0006807,GO:0006810,GO:0006811,GO:0006812,GO:0006813,GO:0006950,GO:0006974,GO:0006977,GO:0006979,GO:0006996,GO:0007010,GO:0007017,GO:0007049,GO:0007093,GO:0007098,GO:0007099,GO:0007154,GO:0007165,GO:0007264,GO:0007265,GO:0007275,GO:0007346,GO:0007423,GO:0008150,GO:0008152,GO:0008283,GO:0008284,GO:0009058,GO:0009059,GO:0009628,GO:0009636,GO:0009719,GO:0009725,GO:0009889,GO:0009890,GO:0009891,GO:0009892,GO:0009893,GO:0009966,GO:0009967,GO:0009987,GO:0010033,GO:0010035,GO:0010038,GO:0010243,GO:0010389,GO:0010468,GO:0010556,GO:0010557,GO:0010558,GO:0010564,GO:0010604,GO:0010605,GO:0010628,GO:0010629,GO:0010646,GO:0010647,GO:0010948,GO:0012505,GO:0014070,GO:0014074,GO:0015030,GO:0015630,GO:0015672,GO:0016043,GO:0016301,GO:0016310,GO:0016569,GO:0016570,GO:0016572,GO:0016604,GO:0016740,GO:0016772,GO:0016773,GO:0018105,GO:0018193,GO:0018209,GO:0019219,GO:0019222,GO:0019538,GO:0019904,GO:0022402,GO:0022414,GO:0022607,GO:0023051,GO:0023052,GO:0023056,GO:0030001,GO:0030154,GO:0030174,GO:0030330,GO:0030332,GO:0031023,GO:0031099,GO:0031100,GO:0031323,GO:0031324,GO:0031325,GO:0031326,GO:0031327,GO:0031328,GO:0031410,GO:0031570,GO:0031571,GO:0031974,GO:0031981,GO:0031982,GO:0032298,GO:0032355,GO:0032501,GO:0032502,GO:0032868,GO:0032869,GO:0032870,GO:0032991,GO:0033554,GO:0033993,GO:0034599,GO:0034614,GO:0034641,GO:0034645,GO:0035556,GO:0035690,GO:0036211,GO:0042127,GO:0042221,GO:0042493,GO:0042770,GO:0043010,GO:0043170,GO:0043226,GO:0043227,GO:0043228,GO:0043229,GO:0043231,GO:0043232,GO:0043233,GO:0043412,GO:0043434,GO:0044085,GO:0044237,GO:0044238,GO:0044249,GO:0044260,GO:0044267,GO:0044422,GO:0044424,GO:0044427,GO:0044428,GO:0044430,GO:0044444,GO:0044446,GO:0044451,GO:0044464,GO:0044770,GO:0044772,GO:0044773,GO:0044774,GO:0044783,GO:0044819,GO:0044839,GO:0044843,GO:0044877,GO:0045023,GO:0045471,GO:0045740,GO:0045786,GO:0045787,GO:0045892,GO:0045893,GO:0045930,GO:0045934,GO:0045935,GO:0046425,GO:0046427,GO:0046483,GO:0046677,GO:0046683,GO:0046686,GO:0048513,GO:0048518,GO:0048519,GO:0048522,GO:0048523,GO:0048583,GO:0048584,GO:0048731,GO:0048856,GO:0048869,GO:0050789,GO:0050794,GO:0050896,GO:0051052,GO:0051054,GO:0051171,GO:0051172,GO:0051173,GO:0051179,GO:0051234,GO:0051252,GO:0051253,GO:0051254,GO:0051276,GO:0051298,GO:0051321,GO:0051445,GO:0051591,GO:0051602,GO:0051716,GO:0051726,GO:0060255,GO:0060968,GO:0061695,GO:0065007,GO:0070013,GO:0070887,GO:0070925,GO:0071156,GO:0071158,GO:0071241,GO:0071310,GO:0071375,GO:0071417,GO:0071495,GO:0071704,GO:0071731,GO:0071732,GO:0071840,GO:0072331,GO:0072395,GO:0072401,GO:0072413,GO:0072422,GO:0072431,GO:0072686,GO:0080090,GO:0090068,GO:0090304,GO:0090329,GO:0097123,GO:0097124,GO:0097134,GO:0097135,GO:0097305,GO:0097366,GO:0097472,GO:0097708,GO:0098534,GO:0098687,GO:0140096,GO:1901360,GO:1901564,GO:1901576,GO:1901652,GO:1901653,GO:1901698,GO:1901699,GO:1901700,GO:1901701,GO:1901796,GO:1901987,GO:1901988,GO:1901990,GO:1901991,GO:1902170,GO:1902400,GO:1902402,GO:1902403,GO:1902494,GO:1902531,GO:1902533,GO:1902554,GO:1902679,GO:1902680,GO:1902749,GO:1902806,GO:1902807,GO:1902911,GO:1903047,GO:1903506,GO:1903507,GO:1903508,GO:1904892,GO:1904894,GO:1990234,GO:2000045,GO:2000105,GO:2000112,GO:2000113,GO:2000134,GO:2000241,GO:2001141 | S59: TRINITY_DN57635_c0_g1 | V59: TRINITY_DN57635_c0_g1 | Y59: TRINITY_DN57635_c0_g1 | Z59: Taurine catabolism dioxygenase TauD, TfdA family
A60: TRINITY_DN199776_c0_g1 | B60: 13.577427 | C60: -7.0647886 | D60: 1.6840743 | E60: -4.1950577 | F60: 2.7280215e-05 | G60: 0.0042947499 | H60: K20444 | I60: Sulfotransferase family | J60: - | S60: TRINITY_DN60635_c0_g1 | V60: TRINITY_DN60635_c0_g1 | Y60: TRINITY_DN60635_c0_g1
A61: TRINITY_DN69831_c0_g2 | B61: 12.750814 | C61: -6.9461189 | D61: 1.6572265 | E61: -4.191412 | F61: 2.7722374e-05 | G61: 0.0043284879 | H61: - | I61: - | J61: - | S61: TRINITY_DN60669_c0_g2 | V61: TRINITY_DN60669_c0_g2 | Y61: TRINITY_DN60669_c0_g2 | Z61: PFAM regulator of chromosome condensation, RCC1
A62: TRINITY_DN104674_c0_g2 | B62: 13.815869 | C62: -7.0359584 | D62: 1.6818207 | E62: -4.1835367 | F62: 2.8700876e-05 | G62: 0.0044369015 | H62: - | I62: - | J62: - | S62: TRINITY_DN61791_c0_g1 | V62: TRINITY_DN61791_c0_g1 | W62: K02948 | Y62: TRINITY_DN61791_c0_g1 | Z62: Vacuolar sorting protein 9 (VPS9) domain
A63: TRINITY_DN110231_c0_g2 | B63: 13.163292 | C63: -7.0167235 | D63: 1.6780476 | E63: -4.1814806 | F63: 2.8961701e-05 | G63: 0.0044369015 | H63: K05928 | I63: Belongs to the class I-like SAM-binding methyltransferase superfamily. gTMT family | J63: GO:0003674,GO:0003824,GO:0005575,GO:0005622,GO:0005623,GO:0005737,GO:0006766,GO:0006775,GO:0008150,GO:0008152,GO:0008168,GO:0008171,GO:0009058,GO:0009110,GO:0009507,GO:0009536,GO:0009987,GO:0010189,GO:0016740,GO:0016741,GO:0018130,GO:0032259,GO:0042360,GO:0042362,GO:0043226,GO:0043227,GO:0043229,GO:0043231,GO:0044237,GO:0044249,GO:0044281,GO:0044283,GO:0044424,GO:0044444,GO:0044464,GO:0046483,GO:0050342,GO:0071704,GO:1901360,GO:1901362,GO:1901576,GO:1901615,GO:1901617 | S63: TRINITY_DN62295_c0_g3 | V63: TRINITY_DN62295_c0_g3 | W63: K00218 | Y63: TRINITY_DN62295_c0_g3 | Z63: TIGRFAM Light-dependent protochlorophyllide reductase
A64: TRINITY_DN2484_c0_g2 | B64: 14.361182 | C64: -7.0874476 | D64: 1.7127098 | E64: -4.1381486 | F64: 3.5011961e-05 | G64: 0.0051826797 | H64: K14830 | I64: P21-activated protein kinase-interacting protein | J64: GO:0005575,GO:0005622,GO:0005623,GO:0005634,GO:0005730,GO:0006139,GO:0006364,GO:0006396,GO:0006725,GO:0006807,GO:0008150,GO:0008152,GO:0008283,GO:0009966,GO:0009987,GO:0010467,GO:0010646,GO:0016070,GO:0016072,GO:0022613,GO:0023051,GO:0031974,GO:0031981,GO:0032502,GO:0034470,GO:0034641,GO:0034660,GO:0042254,GO:0042273,GO:0043170,GO:0043226,GO:0043227,GO:0043228,GO:0043229,GO:0043231,GO:0043232,GO:0043233,GO:0044085,GO:0044237,GO:0044238,GO:0044422,GO:0044424,GO:0044428,GO:0044446,GO:0044464,GO:0046483,GO:0048583,GO:0048856,GO:0050789,GO:0050794,GO:0060021,GO:0065007,GO:0070013,GO:0071704,GO:0071840,GO:0090304,GO:1901360,GO:1901796,GO:1902531 | S64: TRINITY_DN63627_c0_g1 | T64: GO:0003674,GO:0003824,GO:0005575,GO:0005622,GO:0005623,GO:0005737,GO:0005739,GO:0009507,GO:0009526,GO:0009528,GO:0009532,GO:0009536,GO:0009570,GO:0009706,GO:0009941,GO:0010007,GO:0016020,GO:0016851,GO:0016874,GO:0019866,GO:0031090,GO:0031967,GO:0031969,GO:0031975,GO:0032991,GO:0042170,GO:0043226,GO:0043227,GO:0043229,GO:0043231,GO:0044422,GO:0044424,GO:0044434,GO:0044435,GO:0044444,GO:0044446,GO:0044464,GO:0051002,GO:0051003,GO:1902494 | V64: TRINITY_DN63627_c0_g1 | W64: K03403 | Y64: TRINITY_DN63627_c0_g1 | Z64: ligase activity, forming nitrogen-metal bonds
A65: TRINITY_DN76041_c0_g1 | B65: 14.127713 | C65: -7.064287 | D65: 1.7086432 | E65: -4.1344426 | F65: 3.5581724e-05 | G65: 0.0052349282 | H65: - | I65: sulfuric ester hydrolase activity | J65: - | S65: TRINITY_DN63731_c0_g1 | V65: TRINITY_DN63731_c0_g1 | Y65: TRINITY_DN63731_c0_g1 | Z65: Peptidase family C69
A66: TRINITY_DN191166_c0_g3 | B66: 123.59345 | C66: -8.7875706 | D66: 2.1259537 | E66: -4.1334722 | F66: 3.5732358e-05 | G66: 0.0052349282 | H66: K12450 | I66: rhamnose biosynthetic enzyme | J66: GO:0003674,GO:0003824,GO:0005575,GO:0005622,GO:0005623,GO:0005737,GO:0005829,GO:0005911,GO:0006139,GO:0006725,GO:0006793,GO:0006807,GO:0006810,GO:0008150,GO:0008152,GO:0009058,GO:0009225,GO:0009226,GO:0009506,GO:0009812,GO:0009813,GO:0009914,GO:0009966,GO:0009987,GO:0010253,GO:0010280,GO:0010315,GO:0010646,GO:0010817,GO:0010928,GO:0016829,GO:0016835,GO:0016836,GO:0018130,GO:0019438,GO:0023051,GO:0030054,GO:0030154,GO:0032502,GO:0033478,GO:0034641,GO:0034654,GO:0042127,GO:0042440,GO:0044237,GO:0044238,GO:0044249,GO:0044271,GO:0044281,GO:0044424,GO:0044444,GO:0044464,GO:0046148,GO:0046483,GO:0048583,GO:0048869,GO:0050377,GO:0050789,GO:0050794,GO:0051179,GO:0051234,GO:0051552,GO:0051553,GO:0051554,GO:0051555,GO:0055044,GO:0055086,GO:0060918,GO:0065007,GO:0065008,GO:0071704,GO:1901135,GO:1901137,GO:1901360,GO:1901362,GO:1901576,GO:1901615,GO:1901617 | S66: TRINITY_DN63753_c0_g1 | V66: TRINITY_DN63753_c0_g1 | Y66: TRINITY_DN63753_c0_g1 | Z66: kinase-like protein
A67: TRINITY_DN139147_c1_g1 | B67: 13.089889 | C67: -6.959629 | D67: 1.6881361 | E67: -4.1226706 | F67: 3.74505e-05 | G67: 0.0054275531 | H67: K06999 | I67: Phospholipase/Carboxylesterase | J67: - | S67: TRINITY_DN63764_c0_g2 | T67: GO:0000166,GO:0000322,GO:0000323,GO:0000324,GO:0003674,GO:0003824,GO:0005215,GO:0005388,GO:0005488,GO:0005509,GO:0005524,GO:0005575,GO:0005622,GO:0005623,GO:0005737,GO:0005739,GO:0005773,GO:0005783,GO:0005789,GO:0005793,GO:0005886,GO:0006810,GO:0006811,GO:0006812,GO:0006813,GO:0006814,GO:0006816,GO:0006873,GO:0006874,GO:0006875,GO:0006937,GO:0006942,GO:0006950,GO:0006970,GO:0006972,GO:0007154,GO:0008144,GO:0008150,GO:0008324,GO:0008554,GO:0008556,GO:0009267,GO:0009268,GO:0009605,GO:0009628,GO:0009651,GO:0009987,GO:0009991,GO:0012505,GO:0014724,GO:0014819,GO:0015075,GO:0015077,GO:0015079,GO:0015081,GO:0015085,GO:0015318,GO:0015399,GO:0015405,GO:0015662,GO:0015672,GO:0016020,GO:0016021,GO:0016462,GO:0016528,GO:0016529,GO:0016787,GO:0016817,GO:0016818,GO:0016887,GO:0017076,GO:0017111,GO:0019725,GO:0019829,GO:0022804,GO:0022853,GO:0022857,GO:0022890,GO:0030001,GO:0030003,GO:0030016,GO:0030017,GO:0030554,GO:0031090,GO:0031224,GO:0031446,GO:0031448,GO:0031667,GO:0031668,GO:0031669,GO:0031672,GO:0031673,GO:0031674,GO:0031984,GO:0032553,GO:0032555,GO:0032559,GO:0033017,GO:0033554,GO:0034220,GO:0035639,GO:0035725,GO:0036094,GO:0042149,GO:0042175,GO:0042592,GO:0042594,GO:0042623,GO:0042625,GO:0042626,GO:0043167,GO:0043168,GO:0043169,GO:0043226,GO:0043227,GO:0043228,GO:0043229,GO:0043231,GO:0043232,GO:0043292,GO:0043492,GO:0044057,GO:0044422,GO:0044424,GO:0044425,GO:0044432,GO:0044444,GO:0044446,GO:0044449,GO:0044464,GO:0045932,GO:0045933,GO:0045988,GO:0045989,GO:0046872,GO:0046873,GO:0048471,GO:0048518,GO:0048519,GO:0048878,GO:0050789,GO:0050801,GO:0050896,GO:0051179,GO:0051208,GO:0051234,GO:0051235,GO:0051239,GO:0051240,GO:0051241,GO:0051716,GO:0055065,GO:0055074,GO:0055080,GO:0055082,GO:0055085,GO:0065007,GO:0065008,GO:0070588,GO:0070838,GO:0071435,GO:0071496,GO:0071804,GO:0071805,GO:0071944,GO:0072503,GO:0072507,GO:0072511,GO:0090257,GO:0090662,GO:0097159,GO:0097367,GO:0097623,GO:0098588,GO:0098655,GO:0098660,GO:0098662,GO:0098771,GO:0098827,GO:0099080,GO:0099081,GO:0099131,GO:0099132,GO:0099512,GO:0140115,GO:1901265,GO:1901363 | V67: TRINITY_DN63764_c0_g2 | W67: K01536 | Y67: TRINITY_DN63764_c0_g2 | Z67: calcium-transporting ATPase activity
A68: TRINITY_DN110788_c0_g1 | B68: 26.103805 | C68: -2.751607 | D68: 0.67193283 | E68: -4.0950626 | F68: 4.2205426e-05 | G68: 0.0059389808 | H68: - | I68: - | J68: - | S68: TRINITY_DN64762_c0_g2 | V68: TRINITY_DN64762_c0_g2 | W68: K00639,K00652,K13614,K15674 | Y68: TRINITY_DN64762_c0_g2 | Z68: acetyltransferase
A69: TRINITY_DN77674_c0_g1 | B69: 34.551288 | C69: -2.256337 | D69: 0.55404159 | E69: -4.0725048 | F69: 4.6510243e-05 | G69: 0.0064649238 | H69: K21396 | I69: ATPase activity, coupled to transmembrane movement of substances | J69: GO:0003008,GO:0003674,GO:0003824,GO:0005215,GO:0005275,GO:0005319,GO:0005575,GO:0005623,GO:0005886,GO:0006725,GO:0006726,GO:0006727,GO:0006810,GO:0006836,GO:0006856,GO:0006869,GO:0007600,GO:0007605,GO:0008055,GO:0008150,GO:0008152,GO:0009058,GO:0009987,GO:0010876,GO:0015248,GO:0015318,GO:0015399,GO:0015405,GO:0015837,GO:0015842,GO:0015850,GO:0015918,GO:0016020,GO:0016021,GO:0016462,GO:0016787,GO:0016817,GO:0016818,GO:0016887,GO:0017111,GO:0017127,GO:0018130,GO:0019438,GO:0019748,GO:0022804,GO:0022857,GO:0030301,GO:0031224,GO:0032501,GO:0033036,GO:0033060,GO:0034040,GO:0034041,GO:0042440,GO:0042441,GO:0042623,GO:0042626,GO:0043324,GO:0043473,GO:0043474,GO:0043492,GO:0044237,GO:0044249,GO:0044425,GO:0044464,GO:0044550,GO:0046148,GO:0046152,GO:0046158,GO:0046483,GO:0048066,GO:0048069,GO:0050877,GO:0050954,GO:0051179,GO:0051234,GO:0051641,GO:0051649,GO:0055085,GO:0071702,GO:0071704,GO:0071705,GO:0071944,GO:0098700,GO:0099504,GO:1901360,GO:1901362,GO:1901576,GO:1901618 | S69: TRINITY_DN6716_c0_g1 | T69: GO:0000075,GO:0000077,GO:0003674,GO:0003824,GO:0004672,GO:0004674,GO:0004683,GO:0005488,GO:0005515,GO:0005516,GO:0005575,GO:0005622,GO:0005623,GO:0005634,GO:0006139,GO:0006259,GO:0006260,GO:0006261,GO:0006275,GO:0006464,GO:0006468,GO:0006725,GO:0006793,GO:0006796,GO:0006807,GO:0006950,GO:0006974,GO:0006979,GO:0007154,GO:0007165,GO:0008150,GO:0008152,GO:0008156,GO:0009058,GO:0009059,GO:0009889,GO:0009890,GO:0009892,GO:0009987,GO:0010556,GO:0010558,GO:0010605,GO:0016301,GO:0016310,GO:0016740,GO:0016772,GO:0016773,GO:0018105,GO:0018107,GO:0018193,GO:0018209,GO:0018210,GO:0019219,GO:0019222,GO:0019538,GO:0023052,GO:0031323,GO:0031324,GO:0031326,GO:0031327,GO:0031570,GO:0033554,GO:0034599,GO:0034641,GO:0034645,GO:0035556,GO:0036211,GO:0042221,GO:0043170,GO:0043226,GO:0043227,GO:0043229,GO:0043231,GO:0043412,GO:0044237,GO:0044238,GO:0044249,GO:0044260,GO:0044267,GO:0044424,GO:0044464,GO:0045005,GO:0045786,GO:0045934,GO:0046483,GO:0048478,GO:0048519,GO:0048523,GO:0050789,GO:0050794,GO:0050896,GO:0051052,GO:0051053,GO:0051171,GO:0051172,GO:0051716,GO:0051726,GO:0060255,GO:0065007,GO:0070887,GO:0071704,GO:0080090,GO:0090304,GO:0090329,GO:0140096,GO:1901360,GO:1901564,GO:1901576,GO:2000104,GO:2000112,GO:2000113 | V69: TRINITY_DN6716_c0_g1 | W69: K06641 | Y69: TRINITY_DN6716_c0_g1 | Z69: Belongs to the protein kinase superfamily
A70: TRINITY_DN76931_c0_g2 | B70: 13.739151 | C70: -7.023161 | D70: 1.729197 | E70: -4.0615157 | F70: 4.875513e-05 | G70: 0.0066953129 | H70: K01872 | I70: alanyl-tRNA aminoacylation | J70: - | S70: TRINITY_DN69273_c0_g1 | T70: GO:0000150,GO:0000166,GO:0000287,GO:0000725,GO:0003674,GO:0003676,GO:0003677,GO:0003697,GO:0003824,GO:0004518,GO:0004519,GO:0004520,GO:0004536,GO:0005488,GO:0005524,GO:0005575,GO:0005622,GO:0005623,GO:0005737,GO:0005829,GO:0006139,GO:0006259,GO:0006281,GO:0006302,GO:0006310,GO:0006725,GO:0006807,GO:0006950,GO:0006974,GO:0007154,GO:0008094,GO:0008144,GO:0008150,GO:0008152,GO:0009292,GO:0009294,GO:0009314,GO:0009411,GO:0009416,GO:0009432,GO:0009605,GO:0009628,GO:0009650,GO:0009987,GO:0009991,GO:0016462,GO:0016787,GO:0016788,GO:0016817,GO:0016818,GO:0016887,GO:0017076,GO:0017111,GO:0030145,GO:0030420,GO:0030554,GO:0031668,GO:0032553,GO:0032555,GO:0032559,GO:0033554,GO:0034641,GO:0035639,GO:0036094,GO:0042148,GO:0042221,GO:0042623,GO:0043142,GO:0043167,GO:0043168,GO:0043169,GO:0043170,GO:0044237,GO:0044238,GO:0044260,GO:0044424,GO:0044444,GO:0044464,GO:0044764,GO:0046483,GO:0046677,GO:0046872,GO:0046914,GO:0050896,GO:0051704,GO:0051716,GO:0071496,GO:0071704,GO:0090304,GO:0090305,GO:0097159,GO:0097367,GO:0140097,GO:1901265,GO:1901360,GO:1901363 | V70: TRINITY_DN69273_c0_g1 | W70: K03553,K14160 | Y70: TRINITY_DN69273_c0_g1 | Z70: Can catalyze the hydrolysis of ATP in the presence of single-stranded DNA, the ATP-dependent uptake of single-stranded DNA by duplex DNA, and the ATP-dependent hybridization of homologous single-stranded DNAs. It interacts with LexA causing its activation and leading to its autocatalytic cleavage
A71: TRINITY_DN49814_c0_g1 | B71: 34.163533 | C71: -2.4367469 | D71: 0.60108079 | E71: -4.0539425 | F71: 5.0361608e-05 | G71: 0.0068335905 | H71: - | I71: - | J71: - | S71: TRINITY_DN70100_c0_g3 | T71: GO:0005575,GO:0005622,GO:0005623,GO:0005737,GO:0005773,GO:0005774,GO:0005886,GO:0005911,GO:0009506,GO:0009507,GO:0009526,GO:0009536,GO:0009941,GO:0016020,GO:0030054,GO:0031090,GO:0031967,GO:0031975,GO:0043226,GO:0043227,GO:0043229,GO:0043231,GO:0044422,GO:0044424,GO:0044434,GO:0044435,GO:0044437,GO:0044444,GO:0044446,GO:0044464,GO:0055044,GO:0071944,GO:0098588,GO:0098805 | V71: TRINITY_DN70100_c0_g3 | W71: K21989 | Y71: TRINITY_DN70100_c0_g3 | Z71: CSC1-like protein ERD4
A72: TRINITY_DN14835_c0_g1 | B72: 17.287958 | C72: -4.2843283 | D72: 1.0579684 | E72: -4.0495806 | F72: 5.1309502e-05 | G72: 0.0069128334 | H72: - | I72: - | J72: - | S72: TRINITY_DN70283_c0_g2 | V72: TRINITY_DN70283_c0_g2 | Y72: TRINITY_DN70283_c0_g2
A73: TRINITY_DN749_c0_g1 | B73: 12.234389 | C73: -6.8634226 | D73: 1.7018857 | E73: -4.032834 | F73: 5.5108203e-05 | G73: 0.0073546062 | H73: - | I73: - | J73: - | S73: TRINITY_DN70392_c0_g1 | V73: TRINITY_DN70392_c0_g1 | W73: K20096 | Y73: TRINITY_DN70392_c0_g1 | Z73: helicase activity
A74: TRINITY_DN388040_c0_g1 | B74: 36.689522 | C74: -2.0899944 | D74: 0.51831331 | E74: -4.0322994 | F74: 5.5233751e-05 | G74: 0.0073546062 | H74: - | I74: pyrroline-5-carboxylate reductase activity | J74: - | S74: TRINITY_DN70825_c0_g1 | T74: GO:0000003,GO:0000022,GO:0000070,GO:0000166,GO:0000212,GO:0000226,GO:0000278,GO:0000280,GO:0000819,GO:0000922,GO:0001578,GO:0003674,GO:0003774,GO:0003777,GO:0003824,GO:0005488,GO:0005515,GO:0005524,GO:0005575,GO:0005622,GO:0005623,GO:0005634,GO:0005737,GO:0005813,GO:0005815,GO:0005819,GO:0005856,GO:0005871,GO:0005874,GO:0005875,GO:0005876,GO:0006403,GO:0006810,GO:0006928,GO:0006996,GO:0007010,GO:0007017,GO:0007018,GO:0007049,GO:0007051,GO:0007052,GO:0007056,GO:0007059,GO:0007080,GO:0007088,GO:0007098,GO:0007100,GO:0007143,GO:0007276,GO:0007283,GO:0007292,GO:0007346,GO:0008144,GO:0008150,GO:0008569,GO:0009987,GO:0010564,GO:0010639,GO:0010824,GO:0010826,GO:0010948,GO:0010970,GO:0015630,GO:0015931,GO:0016043,GO:0016462,GO:0016787,GO:0016817,GO:0016818,GO:0016887,GO:0017076,GO:0017111,GO:0019953,GO:0022402,GO:0022412,GO:0022414,GO:0022607,GO:0030139,GO:0030496,GO:0030554,GO:0030705,GO:0031023,GO:0031410,GO:0031534,GO:0031616,GO:0031982,GO:0032501,GO:0032504,GO:0032553,GO:0032555,GO:0032559,GO:0032837,GO:0032886,GO:0032887,GO:0032888,GO:0032991,GO:0033036,GO:0033043,GO:0033044,GO:0033045,GO:0033047,GO:0035639,GO:0036094,GO:0036477,GO:0042623,GO:0042802,GO:0042803,GO:0043025,GO:0043167,GO:0043168,GO:0043226,GO:0043227,GO:0043228,GO:0043229,GO:0043231,GO:0043232,GO:0044085,GO:0044087,GO:0044297,GO:0044422,GO:0044424,GO:0044430,GO:0044444,GO:0044446,GO:0044464,GO:0044703,GO:0045132,GO:0045786,GO:0046605,GO:0046606,GO:0046907,GO:0046983,GO:0047496,GO:0048232,GO:0048285,GO:0048519,GO:0048523,GO:0048609,GO:0050000,GO:0050657,GO:0050658,GO:0050789,GO:0050794,GO:0051012,GO:0051028,GO:0051128,GO:0051129,GO:0051179,GO:0051225,GO:0051231,GO:0051234,GO:0051236,GO:0051276,GO:0051299,GO:0051303,GO:0051310,GO:0051321,GO:0051493,GO:0051494,GO:0051640,GO:0051641,GO:0051648,GO:0051649,GO:0051650,GO:0051656,GO:0051704,GO:0051726,GO:0051783,GO:0051983,GO:0060236,GO:0065007,GO:0070507,GO:0070925,GO:0071702,GO:0071705,GO:0071840,GO:0072382,GO:0072384,GO:0072385,GO:0072686,GO:0072687,GO:0090169,GO:0090224,GO:0090306,GO:0090307,GO:0097159,GO:0097367,GO:0097458,GO:0097708,GO:0098813,GO:0099080,GO:0099081,GO:0099111,GO:0099512,GO:0099513,GO:0099518,GO:0140013,GO:0140014,GO:1901265,GO:1901363,GO:1901673,GO:1902115,GO:1902850,GO:1903046,GO:1903047,GO:1990498,GO:1990939 | V74: TRINITY_DN70825_c0_g1 | W74: K10405 | Y74: TRINITY_DN70825_c0_g1 | Z74: microtubule motor activity
A75: TRINITY_DN123231_c0_g4 | B75: 11.767451 | C75: -6.8112734 | D75: 1.7009883 | E75: -4.0043035 | F75: 6.2200476e-05 | G75: 0.0080381068 | H75: K00471 | I75: gamma-butyrobetaine dioxygenase activity | J75: GO:0005575,GO:0005622,GO:0005623,GO:0005737,GO:0005739,GO:0006996,GO:0007005,GO:0008150,GO:0009987,GO:0016043,GO:0043226,GO:0043227,GO:0043229,GO:0043231,GO:0044424,GO:0044444,GO:0044464,GO:0071840 | S75: TRINITY_DN7341_c0_g1 | V75: TRINITY_DN7341_c0_g1 | Y75: TRINITY_DN7341_c0_g1 | Z75: Carboxylesterase family
A76: TRINITY_DN52569_c0_g1 | B76: 13.013171 | C76: -6.9451945 | D76: 1.7353488 | E76: -4.0021893 | F76: 6.2759056e-05 | G76: 0.0080554924 | H76: - | I76: - | J76: - | S76: TRINITY_DN76041_c0_g1 | V76: TRINITY_DN76041_c0_g1 | Y76: TRINITY_DN76041_c0_g1 | Z76: sulfuric ester hydrolase activity
A77: TRINITY_DN78928_c0_g2 | B77: 18.854133 | C77: -3.9900164 | D77: 1.0003824 | E77: -3.9884914 | F77: 6.6494826e-05 | G77: 0.0084587949 | H77: - | I77: - | J77: - | S77: TRINITY_DN76451_c0_g3 | V77: TRINITY_DN76451_c0_g3 | W77: K01892 | Y77: TRINITY_DN76451_c0_g3 | Z77: Histidyl-trna synthetase
A78: TRINITY_DN48007_c0_g1 | B78: 12.754129 | C78: -6.9155451 | D78: 1.751154 | E78: -3.9491359 | F78: 7.8433808e-05 | G78: 0.0095511597 | H78: - | I78: - | J78: - | S78: TRINITY_DN76931_c0_g2 | V78: TRINITY_DN76931_c0_g2 | W78: K01872 | Y78: TRINITY_DN76931_c0_g2 | Z78: alanyl-tRNA aminoacylation
A79: TRINITY_DN201925_c0_g1 | B79: 374.82285 | C79: 4.0427465 | D79: 0.24217718 | E79: 16.693342 | F79: 1.4653356e-62 | G79: 8.3509473e-58 | H79: - | I79: - | J79: - | S79: TRINITY_DN77029_c0_g3 | V79: TRINITY_DN77029_c0_g3 | Y79: TRINITY_DN77029_c0_g3 | Z79: Allomyces macrogynus ATCC 38327
A80: TRINITY_DN211722_c4_g12 | B80: 5582.376 | C80: 6.1479265 | D80: 0.65696512 | E80: 9.3580714 | F80: 8.1205366e-21 | G80: 2.3139469e-16 | H80: - | I80: - | J80: - | S80: TRINITY_DN77674_c0_g1 | T80: GO:0003008,GO:0003674,GO:0003824,GO:0005215,GO:0005275,GO:0005319,GO:0005575,GO:0005623,GO:0005886,GO:0006725,GO:0006726,GO:0006727,GO:0006810,GO:0006836,GO:0006856,GO:0006869,GO:0007600,GO:0007605,GO:0008055,GO:0008150,GO:0008152,GO:0009058,GO:0009987,GO:0010876,GO:0015248,GO:0015318,GO:0015399,GO:0015405,GO:0015837,GO:0015842,GO:0015850,GO:0015918,GO:0016020,GO:0016021,GO:0016462,GO:0016787,GO:0016817,GO:0016818,GO:0016887,GO:0017111,GO:0017127,GO:0018130,GO:0019438,GO:0019748,GO:0022804,GO:0022857,GO:0030301,GO:0031224,GO:0032501,GO:0033036,GO:0033060,GO:0034040,GO:0034041,GO:0042440,GO:0042441,GO:0042623,GO:0042626,GO:0043324,GO:0043473,GO:0043474,GO:0043492,GO:0044237,GO:0044249,GO:0044425,GO:0044464,GO:0044550,GO:0046148,GO:0046152,GO:0046158,GO:0046483,GO:0048066,GO:0048069,GO:0050877,GO:0050954,GO:0051179,GO:0051234,GO:0051641,GO:0051649,GO:0055085,GO:0071702,GO:0071704,GO:0071705,GO:0071944,GO:0098700,GO:0099504,GO:1901360,GO:1901362,GO:1901576,GO:1901618 | V80: TRINITY_DN77674_c0_g1 | W80: K21396 | Y80: TRINITY_DN77674_c0_g1 | Z80: ATPase activity, coupled to transmembrane movement of substances
A81: TRINITY_DN162920_c0_g1 | B81: 115.88808 | C81: 3.2780236 | D81: 0.35230755 | E81: 9.3044375 | F81: 1.3470344e-20 | G81: 2.5589163e-16 | H81: - | I81: - | J81: - | S81: TRINITY_DN77887_c0_g1 | V81: TRINITY_DN77887_c0_g1 | Y81: TRINITY_DN77887_c0_g1 | Z81: Protease prsW family
A82: TRINITY_DN174786_c0_g2 | B82: 79.236781 | C82: 4.3810257 | D82: 0.50903594 | E82: 8.6065155 | F82: 7.5314995e-18 | G82: 8.5844031e-14 | H82: - | I82: - | J82: - | S82: TRINITY_DN78928_c0_g2 | V82: TRINITY_DN78928_c0_g2 | Y82: TRINITY_DN78928_c0_g2
A83: TRINITY_DN265034_c0_g1 | B83: 66.97166 | C83: 3.775693 | D83: 0.46387676 | E83: 8.1394313 | F83: 3.9713896e-16 | G83: 3.2332785e-12 | H83: K11968 | I83: protein polyubiquitination | J83: - | S83: TRINITY_DN8046_c0_g1 | V83: TRINITY_DN8046_c0_g1 | W83: K16459 | Y83: TRINITY_DN8046_c0_g1 | Z83: Centrosomal protein
A84: TRINITY_DN184108_c1_g3 | B84: 79.075724 | C84: 2.8482588 | D84: 0.38402 | E84: 7.4169543 | F84: 1.1984425e-13 | G84: 4.2687025e-10 | H84: - | I84: - | J84: - | S84: TRINITY_DN81641_c0_g1 | V84: TRINITY_DN81641_c0_g1 | Y84: TRINITY_DN81641_c0_g1 | Z84: Cytochrome p450
A85: TRINITY_DN215887_c0_g5 | B85: 58.65316 | C85: 3.6757836 | D85: 0.50349073 | E85: 7.3005984 | F85: 2.8649067e-13 | G85: 9.6041784e-10 | H85: K02112 | I85: Produces ATP from ADP in the presence of a proton gradient across the membrane. The catalytic sites are hosted primarily by the beta subunits | J85: GO:0003674,GO:0003824,GO:0005215,GO:0005575,GO:0005622,GO:0005623,GO:0005886,GO:0006139,GO:0006163,GO:0006164,GO:0006725,GO:0006753,GO:0006754,GO:0006793,GO:0006796,GO:0006807,GO:0006810,GO:0006811,GO:0006812,GO:0008150,GO:0008152,GO:0008324,GO:0009058,GO:0009117,GO:0009123,GO:0009124,GO:0009126,GO:0009127,GO:0009141,GO:0009142,GO:0009144,GO:0009145,GO:0009150,GO:0009152,GO:0009156,GO:0009161,GO:0009165,GO:0009167,GO:0009168,GO:0009199,GO:0009201,GO:0009205,GO:0009206,GO:0009259,GO:0009260,GO:0009987,GO:0015075,GO:0015077,GO:0015078,GO:0015318,GO:0015399,GO:0015405,GO:0015672,GO:0015985,GO:0015986,GO:0016020,GO:0016462,GO:0016469,GO:0016787,GO:0016817,GO:0016818,GO:0016887,GO:0017111,GO:0017144,GO:0018130,GO:0019438,GO:0019637,GO:0019693,GO:0019829,GO:0022804,GO:0022853,GO:0022857,GO:0022890,GO:0032991,GO:0033178,GO:0034220,GO:0034641,GO:0034654,GO:0036442,GO:0042623,GO:0042625,GO:0042626,GO:0043492,GO:0044237,GO:0044238,GO:0044249,GO:0044271,GO:0044281,GO:0044424,GO:0044425,GO:0044459,GO:0044464,GO:0044769,GO:0045259,GO:0045260,GO:0045261,GO:0045262,GO:0046034,GO:0046390,GO:0046483,GO:0046933,GO:0046961,GO:0051179,GO:0051234,GO:0055085,GO:0055086,GO:0071704,GO:0071944,GO:0072521,GO:0072522,GO:0090407,GO:0090662,GO:0098655,GO:0098660,GO:0098662,GO:0098796,GO:0098797,GO:0099131,GO:0099132,GO:1901135,GO:1901137,GO:1901293,GO:1901360,GO:1901362,GO:1901564,GO:1901566,GO:1901576,GO:1902600 | S85: TRINITY_DN82222_c0_g2 | T85: GO:0000139,GO:0000295,GO:0003674,GO:0005215,GO:0005346,GO:0005575,GO:0005622,GO:0005623,GO:0005737,GO:0005783,GO:0005789,GO:0005794,GO:0006810,GO:0006811,GO:0006820,GO:0006862,GO:0008150,GO:0008509,GO:0008514,GO:0012505,GO:0015075,GO:0015215,GO:0015216,GO:0015605,GO:0015711,GO:0015748,GO:0015865,GO:0015868,GO:0015931,GO:0015932,GO:0016020,GO:0016021,GO:0022857,GO:0030173,GO:0030176,GO:0031090,GO:0031224,GO:0031227,GO:0031228,GO:0031300,GO:0031301,GO:0031984,GO:0034220,GO:0042175,GO:0043226,GO:0043227,GO:0043229,GO:0043231,GO:0044422,GO:0044424,GO:0044425,GO:0044431,GO:0044432,GO:0044444,GO:0044446,GO:0044464,GO:0046963,GO:0046964,GO:0051179,GO:0051234,GO:0051503,GO:0055085,GO:0071702,GO:0071705,GO:0072348,GO:0072530,GO:0098588,GO:0098656,GO:0098791,GO:0098827,GO:1901264,GO:1901505,GO:1901679,GO:1901682,GO:1902559 | V85: TRINITY_DN82222_c0_g2 | W85: K15276 | Y85: TRINITY_DN82222_c0_g2 | Z85: transporter
A86: TRINITY_DN189234_c0_g2 | B86: 44.004462 | C86: 4.1248548 | D86: 0.5797024 | E86: 7.1154696 | F86: 1.1153241e-12 | G86: 3.3453851e-09 | H86: - | I86: - | J86: - | S86: TRINITY_DN82277_c0_g1 | T86: GO:0000339,GO:0003674,GO:0003676,GO:0003723,GO:0005488,GO:0005575,GO:0005622,GO:0005623,GO:0005737,GO:0005829,GO:0006412,GO:0006417,GO:0006446,GO:0006518,GO:0006807,GO:0008135,GO:0008150,GO:0008152,GO:0009058,GO:0009059,GO:0009889,GO:0009987,GO:0010467,GO:0010468,GO:0010556,GO:0010608,GO:0016281,GO:0019222,GO:0019538,GO:0031323,GO:0031326,GO:0032268,GO:0032991,GO:0034248,GO:0034641,GO:0034645,GO:0043043,GO:0043170,GO:0043603,GO:0043604,GO:0044237,GO:0044238,GO:0044249,GO:0044260,GO:0044267,GO:0044271,GO:0044424,GO:0044444,GO:0044464,GO:0050789,GO:0050794,GO:0051171,GO:0051246,GO:0060255,GO:0065007,GO:0071704,GO:0080090,GO:0097159,GO:1901363,GO:1901564,GO:1901566,GO:1901576,GO:2000112 | V86: TRINITY_DN82277_c0_g1 | Y86: TRINITY_DN82277_c0_g1 | Z86: Middle domain of eukaryotic initiation factor 4G (eIF4G)
A87: TRINITY_DN393270_c0_g1 | B87: 228.25695 | C87: 2.060682 | D87: 0.29125636 | E87: 7.0751483 | F87: 1.4928899e-12 | G87: 4.2539896e-09 | H87: - | I87: - | J87: - | S87: TRINITY_DN87461_c0_g1 | V87: TRINITY_DN87461_c0_g1 | W87: K13126 | Y87: TRINITY_DN87461_c0_g1 | Z87: polyadenylate-binding protein
A88: TRINITY_DN185832_c0_g1 | B88: 55.121538 | C88: 3.1336012 | D88: 0.4527912 | E88: 6.9206318 | F88: 4.4963361e-12 | G88: 1.1141139e-08 | H88: - | I88: - | J88: -
A89: TRINITY_DN174786_c0_g3 | B89: 56.390344 | C89: 3.8553088 | D89: 0.56281331 | E89: 6.8500669 | F89: 7.3815451e-12 | G89: 1.682697e-08 | H89: - | I89: - | J89: -
A90: TRINITY_DN140915_c0_g1 | B90: 46.880601 | C90: 3.4099398 | D90: 0.50488009 | E90: 6.7539597 | F90: 1.438637e-11 | G90: 3.0830792e-08 | H90: - | I90: - | J90: -
A91: TRINITY_DN126478_c0_g2 | B91: 79.062835 | C91: 9.9530194 | D91: 1.4741379 | E91: 6.7517562 | F91: 1.4606622e-11 | G91: 3.0830792e-08 | H91: - | I91: - | J91: -
A92: TRINITY_DN2969_c0_g1 | B92: 251.85331 | C92: 2.1779419 | D92: 0.32651897 | E92: 6.6701849 | F92: 2.5548131e-11 | G92: 5.0206482e-08 | H92: - | I92: - | J92: -
A93: TRINITY_DN210886_c1_g4 | B93: 85.855696 | C93: 2.2125196 | D93: 0.34712746 | E93: 6.373796 | F93: 1.8440589e-10 | G93: 3.0026548e-07 | H93: - | I93: - | J93: -
A94: TRINITY_DN211470_c0_g2 | B94: 35.490276 | C94: 3.7538836 | D94: 0.6015006 | E94: 6.2408642 | F94: 4.3515996e-10 | G94: 6.5262542e-07 | H94: - | I94: - | J94: -
A95: TRINITY_DN25234_c0_g2 | B95: 58.707808 | C95: 3.2609132 | D95: 0.527033 | E95: 6.1873037 | F95: 6.1201967e-10 | G95: 8.3045241e-07 | H95: - | I95: stress-induced mitochondrial fusion | J95: -
A96: TRINITY_DN188852_c0_g2 | B96: 57.566462 | C96: 3.3087644 | D96: 0.53686213 | E96: 6.1631547 | F96: 7.1309784e-10 | G96: 9.3314365e-07 | H96: - | I96: - | J96: -
A97: TRINITY_DN175095_c0_g1 | B97: 47.003815 | C97: 3.4444989 | D97: 0.56628921 | E97: 6.082579 | F97: 1.1826462e-09 | G97: 1.4508087e-06 | H97: - | I97: - | J97: -
A98: TRINITY_DN165835_c0_g2 | B98: 41.161326 | C98: 3.1060547 | D98: 0.51207814 | E98: 6.0655874 | F98: 1.3147227e-09 | G98: 1.5609593e-06 | H98: - | I98: - | J98: -
A99: TRINITY_DN59717_c0_g1 | B99: 44.142146 | C99: 9.1139699 | D99: 1.5090978 | E99: 6.0393501 | F99: 1.5473623e-09 | G99: 1.7636835e-06 | H99: - | I99: - | J99: -
... A218: TRINITY_DN141524_c0_g3 | B218: 9.9708966 | C218: 6.9633458 | D218: 1.7662818 | E218: 3.9423753 | F218: 8.0678597e-05 | G218: 0.0097412569 | H218: - | I218: - | J218: -

Sheet TableS5
A1: Table S5 | Heat treatment DEGs in Pseudodiploria clivosa host -2>logFC>2 padj<0.001. p value is obtained from a Wald test, and BH adjusted p-values are provided as padj (DESeq2).
A2: id | B2: baseMean | C2: log2FoldChange | D2: lfcSE | E2: stat | F2: pvalue | G2: padj | H2: KO | I2: Description | J2: GO | S2: id | T2: baseMean | U2: log2FoldChange | V2: lfcSE | W2: stat | X2: pvalue | Y2: padj | Z2: ko
A3: TRINITY_DN182131_c1_g1 | B3: 1932.9537 | C3: 11.424781 | D3: 0.4332956 | E3: 10.902745 | F3: 1.1183119e-27 | G3: 9.6030557e-23 | H3: K02583 | I3: tumor necrosis factor receptor superfamily member 16-like | J3: -
A4: TRINITY_DN194124_c4_g1 | B4: 2378.7838 | C4: 9.7357464 | D4: 0.4496579 | E4: 9.9352167 | F4: 2.9253923e-23 | G4: 1.2560318e-18 | H4: K09627 | I4: serine protease | J4: -
A5: TRINITY_DN205189_c2_g2 | B5: 2444.9223 | C5: 9.4440803 | D5: 0.34450378 | E5: 9.7962067 | F5: 1.1689317e-22 | G5: 3.3459112e-18 | H5: K19865 | I5: fibrocystin-L-like; IPT/TIG domain | J5: -
A6: TRINITY_DN171677_c7_g7 | B6: 611.74519 | C6: 9.1346708 | D6: 0.39656023 | E6: 9.4915068 | F6: 2.277184e-21 | G6: 4.8886017e-17 | H6: K05111,K05105 | I6: ephrin type-A receptor 4-like; Ephrin receptor ligand binding domain | J6: -
A7: TRINITY_DN185605_c1_g4 | B7: 1533.794 | C7: 9.1251914 | D7: 0.61337795 | E7: 8.5466311 | F7: 1.2673346e-17 | G7: 1.0882729e-13 | H7: K09542,K19766,K19769 | I7: Belongs to the small heat shock protein (HSP20) family | J7: GO:0003674,GO:0005488,GO:0005515,GO:0005575,GO:0005622,GO:0005623,GO:0005737,GO:0005829,GO:0006950,GO:0007275,GO:0007568,GO:0008150,GO:0008340,GO:0009266,GO:0009408,GO:0009628,GO:0009790,GO:0009792,GO:0010259,GO:0032501,GO:0032502,GO:0044424,GO:0044444,GO:0044464,GO:0048856,GO:0050896,GO:0051082
A8: TRINITY_DN178858_c2_g2 | B8: 2819.4172 | C8: 8.5609211 | D8: 0.57138401 | E8: 8.4841659 | F8: 2.1727151e-17 | G8: 1.6961201e-13 | H8: K06238 | I8: structural constituent of cuticle | J8: -
A9: TRINITY_DN205282_c7_g1 | B9: 12731.619 | C9: 8.3969864 | D9: 0.83132548 | E9: 8.3096843 | F9: 9.5957046e-17 | G9: 6.4855083e-13 | H9: K19899 | I9: pancreatic secretory granule membrane major glycoprotein GP2-like | J9: -
A10: TRINITY_DN181322_c4_g2 | B10: 557.51428 | C10: 8.1110169 | D10: 0.82183433 | E10: 8.3069612 | F10: 9.818403e-17 | G10: 6.4855083e-13 | H10: - | I10: - | J10: -
A11: TRINITY_DN183815_c0_g1 | B11: 2898.7997 | C11: 7.8115642 | D11: 0.28646714 | E11: 8.2574033 | F11: 1.4887578e-16 | G11: 9.1315086e-13 | H11: - | I11: - | J11: -
A12: TRINITY_DN183601_c0_g3 | B12: 592.78517 | C12: 7.7991121 | D12: 0.48251515 | E12: 8.0871245 | F12: 6.1089834e-16 | G12: 3.4972301e-12 | H12: - | I12: - | J12: -
A13: TRINITY_DN204424_c1_g1 | B13: 1262.4943 | C13: 7.6770042 | D13: 0.31358018 | E13: 8.0731026 | F13: 6.8533971e-16 | G13: 3.6781754e-12 | H13: - | I13: - | J13: -
A14: TRINITY_DN188232_c0_g3 | B14: 863.71535 | C14: 7.6390662 | D14: 0.58043761 | E14: 8.0404412 | F14: 8.9515596e-16 | G14: 4.5216434e-12 | H14: - | I14: - | J14: -
... A41: TRINITY_DN201580_c2_g1 | B41: 1090.1508 | C41: 5.7533563 | D41: 0.56102749 | E41: 6.7311997 | F41: 1.6826986e-11 | G41: 2.2577345e-08 | H41: K09608 | I41: tolloid-like protein 1; metalloendopeptidase activity | J41: -
A42: TRINITY_DN199109_c1_g15 | B42: 243.97214 | C42: 5.5714653 | D42: 0.48236005 | E42: 6.7167799 | F42: 1.8578421e-11 | G42: 2.4171933e-08 | H42: K05093,K05094,K04362 | I42: putative fibroblast growth factor receptr 2-like; fibroblast growth factor-activated receptor activity
A43: TRINITY_DN195893_c2_g11 | B43: 77.341303 | C43: 5.5634737 | D43: 0.44410103 | E43: 6.7077232 | F43: 1.9768448e-11 | G43: 2.5336364e-08 | H43: - | I43: putative retinol dehydrogenase 2-like | J43: -
A44: TRINITY_DN189276_c4_g1 | B44: 259.24646 | C44: 5.5338698 | D44: 0.52662082 | E44: 6.6833163 | F44: 2.3359462e-11 | G44: 2.9234511e-08 | H44: - | I44: - | J44: -
A45: TRINITY_DN182449_c3_g1 | B45: 87.664619 | C45: 5.4498375 | D45: 1.1431458 | E45: 6.6824948 | F45: 2.3490832e-11 | G45: 2.9234511e-08 | H45: K07766 | I45: putative diphosphoinositol polyphosphate phosphohydrolase 1-like isoform X3 | J45: -
A46: TRINITY_DN178179_c1_g1 | B46: 244.10751 | C46: 5.4428906 | D46: 0.58068588 | E46: 6.6791574 | F46: 2.4031989e-11 | G46: 2.9480728e-08 | H46: K12473 | I46: low-density lipoprotein receptor-like | J46: -
A47: TRINITY_DN202849_c4_g3 | B47: 1187.7388 | C47: 5.4151321 | D47: 0.55842595 | E47: 6.6749053 | F47: 2.4739182e-11 | G47: 2.9920822e-08 | H47: K09608 | I47: - | J47: -
A48: TRINITY_DN204424_c3_g2 | B48: 5900.3593 | C48: 5.2540383 | D48: 0.342368 | E48: 6.6445972 | F48: 3.0404735e-11 | G48: 3.528223e-08 | H48: K07521 | I48: Tumor necrosis factor receptor / nerve growth factor receptor repeats. | J48: -
A49: TRINITY_DN198092_c1_g4 | B49: 484.71777 | C49: 5.2423151 | D49: 0.50638045 | E49: 6.6415094 | F49: 3.1048687e-11 | G49: 3.5549091e-08 | H49: - | I49: - | J49: -
A50: TRINITY_DN184928_c0_g3 | B50: 1675.7687 | C50: 5.2330453 | D50: 0.36966407 | E50: 6.6191002 | F50: 3.6139195e-11 | G50: 3.9786011e-08 | H50: - | I50: Von Willebrand factor A | J50: -
A51: TRINITY_DN204289_c1_g3 | B51: 247.53056 | C51: 5.2280902 | D51: 0.4556624 | E51: 6.5498693 | F51: 5.7587457e-11 | G51: 6.0306006e-08 | H51: K00699 | I51: UDP-glucoronosyltransferase 1-5-like; glucuronosyltransferase activity | J51: GO:0001523,GO:0001889,GO:0001972,GO:0002237,GO:0002526,GO:0003008,GO:0003674,GO:0003824,GO:0004857,GO:0005080,GO:0005488,GO:0005496,GO:0005501,GO:0005504,GO:0005515,GO:0005575,GO:0005622,GO:0005623,GO:0005737,GO:0005783,GO:0005789,GO:0005886,GO:0005887,GO:0005975,GO:0005996,GO:0006063,GO:0006082,GO:0006109,GO:0006629,GO:0006631,GO:0006706,GO:0006711,GO:0006720,GO:0006721,GO:0006725,GO:0006778,GO:0006787,GO:0006789,GO:0006805,GO:0006807,GO:0006950,GO:0006952,GO:0006953,GO:0006954,GO:0007275,GO:0007584,GO:0007588,GO:0008144,GO:0008150,GO:0008152,GO:0008194,GO:0008202,GO:0008210,GO:0008289,GO:0009056,GO:0009410,GO:0009605,GO:0009607,GO:0009617,GO:0009636,GO:0009698,GO:0009719,GO:0009725,GO:0009804,GO:0009812,GO:0009892,GO:0009987,GO:0009991,GO:0010033,GO:0010565,GO:0010675,GO:0010677,GO:0010817,GO:0012505,GO:0014070,GO:0015020,GO:0016020,GO:0016021,GO:0016042,GO:0016101,GO:0016740,GO:0016757,GO:0016758,GO:0016999,GO:0017001,GO:0017144,GO:0018879,GO:0019216,GO:0019217,GO:0019218,GO:0019222,GO:0019439,GO:0019585,GO:0019748,GO:0019752,GO:0019840,GO:0019899,GO:0019900,GO:0019901,GO:0030234,GO:0031099,GO:0031100,GO:0031224,GO:0031226,GO:0031323,GO:0031324,GO:0031406,GO:0031667,GO:0031960,GO:0031984,GO:0032355,GO:0032496,GO:0032501,GO:0032502,GO:0032787,GO:0032870,GO:0032991,GO:0033013,GO:0033015,GO:0033293,GO:0033993,GO:0034641,GO:0034663,GO:0034754,GO:0035690,GO:0036094,GO:0042167,GO:0042168,GO:0042175,GO:0042178,GO:0042221,GO:0042440,GO:0042445,GO:0042447,GO:0042493,GO:0042537,GO:0042573,GO:0042594,GO:0042802,GO:0042803,GO:0043086,GO:0043167,GO:0043168,GO:0043177,GO:0043207,GO:0043226,GO:0043227,GO:0043229,GO:0043231,GO:0043436,GO:0044092,GO:0044237,GO:0044238,GO:0044248,GO:0044255,GO:0044270,GO:0044281,GO:0044422,GO:0044424,GO:0044425,GO:0044432,GO:0044444,GO:0044446,GO:0044459,GO:0044464,GO:0044877,GO:0045471,GO:0045833,GO:0045912,GO:0045922,GO:0045939,GO:0046149,GO:0046226,GO:0046271,GO:0046483,GO:0046677,GO:0046700,GO:0046982,GO:0046983,GO:0048513,GO:0048519,GO:0048523,GO:0048545,GO:0048731,GO:0048732,GO:0048856,GO:0050789,GO:0050790,GO:0050794,GO:0050896,GO:0051186,GO:0051187,GO:0051338,GO:0051348,GO:0051384,GO:0051552,GO:0051704,GO:0051707,GO:0051716,GO:0052695,GO:0052696,GO:0052697,GO:0061008,GO:0062012,GO:0062014,GO:0065007,GO:0065008,GO:0065009,GO:0070069,GO:0070887,GO:0070980,GO:0071236,GO:0071310,GO:0071361,GO:0071383,GO:0071384,GO:0071385,GO:0071392,GO:0071396,GO:0071407,GO:0071466,GO:0071495,GO:0071704,GO:0071944,GO:0080090,GO:0097159,GO:0097237,GO:0097305,GO:0097306,GO:0098772,GO:0098827,GO:1901360,GO:1901361,GO:1901564,GO:1901565,GO:1901575,GO:1901700,GO:1901701,GO:1904223,GO:1904224,GO:2001029,GO:2001030
A52: TRINITY_DN198307_c1_g3 | B52: 2843.0988 | C52: 5.1743186 | D52: 0.36551672 | E52: 6.5081998 | F52: 7.605672e-11 | G52: 7.868755e-08 | H52: - | I52: - | J52: -
A53: TRINITY_DN203015_c2_g1 | B53: 258.19282 | C53: 5.1105491 | D53: 0.35761988 | E53: 6.4815721 | F53: 9.0771759e-11 | G53: 9.2793592e-08 | H53: - | I53: - | J53: -
A54: TRINITY_DN183441_c4_g2 | B54: 66.808168 | C54: 5.0170946 | D54: 1.1307752 | E54: 6.4042227 | F54: 1.5113736e-10 | G54: 1.5091065e-07 | H54: - | I54: - | J54: -
... A440: TRINITY_DN185922_c0_g1 | B440: 537.75897 | C440: -2.6916901 | D440: 0.46399798 | E440: -5.8010814 | F440: 6.5888612e-09 | G440: 3.4499518e-06 | H440: K00512,K17813,K07409 | I440: cytochrome P450 | J440: -
A441: TRINITY_DN188246_c0_g1 | B441: 375.26951 | C441: -2.6938022 | D441: 0.46614 | E441: -5.7789554 | F441: 7.516586e-09 | G441: 3.7526556e-06 | H441: 0 | I441: histidine N-acetyltransferase activity;Euphy | J441: -
A442: TRINITY_DN201110_c0_g3 | B442: 70.586023 | C442: -2.9050368 | D442: 0.50327839 | E442: -5.7722264 | F442: 7.8230901e-09 | G442: 3.8607849e-06 | H442: K14704 | I442: solute carrier family 26 member 6-like | J442: -
A443: TRINITY_DN175843_c1_g1 | B443: 9888.1299 | C443: -2.7551216 | D443: 0.48141148 | E443: -5.7230077 | F443: 1.046545e-08 | G443: 4.9461576e-06 | H443: K13443 | I443: intracellular cholesterol transport | J443: GO:0000323,GO:0001775,GO:0002252,GO:0002263,GO:0002274,GO:0002275,GO:0002283,GO:0002366,GO:0002376,GO:0002443,GO:0002444,GO:0002446,GO:0003674,GO:0005215,GO:0005319,GO:0005488,GO:0005496,GO:0005515,GO:0005575,GO:0005576,GO:0005622,GO:0005623,GO:0005737,GO:0005764,GO:0005766,GO:0005773,GO:0005775,GO:0006810,GO:0006811,GO:0006820,GO:0006869,GO:0006887,GO:0006955,GO:0008150,GO:0008289,GO:0009605,GO:0009607,GO:0009615,GO:0009987,GO:0010876,GO:0012505,GO:0015248,GO:0015485,GO:0015711,GO:0015748,GO:0015850,GO:0015914,GO:0015918,GO:0016192,GO:0017127,GO:0019216,GO:0019222,GO:0019747,GO:0019899,GO:0030141,GO:0030301,GO:0031323,GO:0031410,GO:0031974,GO:0031982,GO:0031983,GO:0032365,GO:0032366,GO:0032367,GO:0032501,GO:0032934,GO:0032940,GO:0033036,GO:0033344,GO:0034381,GO:0034383,GO:0034774,GO:0035578,GO:0036094,GO:0036230,GO:0042119,GO:0042582,GO:0042592,GO:0042632,GO:0043178,GO:0043202,GO:0043207,GO:0043226,GO:0043227,GO:0043229,GO:0043231,GO:0043233,GO:0043299,GO:0043312,GO:0044422,GO:0044424,GO:0044433,GO:0044437,GO:0044444,GO:0044446,GO:0044464,GO:0045055,GO:0045321,GO:0046836,GO:0046903,GO:0046907,GO:0048878,GO:0050789,GO:0050794,GO:0050896,GO:0051179,GO:0051234,GO:0051641,GO:0051649,GO:0051704,GO:0051707,GO:0055088,GO:0055092,GO:0060205,GO:0065007,GO:0065008,GO:0070013,GO:0071702,GO:0080090,GO:0097006,GO:0097159,GO:0097708,GO:0099503,GO:1901264
A444: TRINITY_DN189455_c2_g3 | B444: 194.84689 | C444: -4.0120205 | D444: 0.70269189 | E444: -5.7095017 | F444: 1.1330743e-08 | G444: 5.2879469e-06 | H444: K08630,K08632,K08621 | I444: A disintegrin and metalloproteinase with thrombospondin motifs | J444: GO:0000003,GO:0001654,GO:0001655,GO:0001657,GO:0001658,GO:0001763,GO:0001822,GO:0001823,GO:0002009,GO:0003008,GO:0003013,GO:0003073,GO:0007162,GO:0007275,GO:0007276,GO:0007423,GO:0008015,GO:0008150,GO:0008217,GO:0009653,GO:0009887,GO:0009888,GO:0010543,GO:0010544,GO:0019953,GO:0022407,GO:0022408,GO:0022414,GO:0030155,GO:0030193,GO:0030195,GO:0031344,GO:0032101,GO:0032102,GO:0032501,GO:0032502,GO:0032504,GO:0033043,GO:0034110,GO:0034111,GO:0035239,GO:0035295,GO:0044087,GO:0044703,GO:0048232,GO:0048513,GO:0048519,GO:0048523,GO:0048583,GO:0048585,GO:0048609,GO:0048729,GO:0048731,GO:0048754,GO:0048856,GO:0050789,GO:0050794,GO:0050818,GO:0050819,GO:0050865,GO:0050866,GO:0050878,GO:0051128,GO:0051239,GO:0051241,GO:0051704,GO:0060429,GO:0060491,GO:0060562,GO:0060675,GO:0060993,GO:0061041,GO:0061045,GO:0061138,GO:0061326,GO:0061333,GO:0065007,GO:0065008,GO:0072001,GO:0072006,GO:0072009,GO:0072028,GO:0072073,GO:0072078,GO:0072080,GO:0072088,GO:0072163,GO:0072164,GO:0072171,GO:0080134,GO:0090330,GO:0090331,GO:0120032,GO:0120035,GO:1900046,GO:1900047,GO:1902017,GO:1902115,GO:1903034,GO:1903035
A445: TRINITY_DN184969_c0_g1 | B445: 64.977934 | C445: -3.6439617 | D445: 0.63854909 | E445: -5.7066274 | F445: 1.1523667e-08 | G445: 5.3489127e-06 | H445: K04218,K04135 | I445: G-protein coupled receptor activity; growth hormone secretagogue receptor type 1-like | J445: -
A446: TRINITY_DN196229_c3_g9 | B446: 107.13871 | C446: -5.0936138 | D446: 0.89275045 | E446: -5.7055292 | F446: 1.1598215e-08 | G446: 5.3545714e-06 | H446: K06255,K06763 | I446: heparan sulfate proteoglycan | J446: GO:0000323,GO:0000902,GO:0000904,GO:0001523,GO:0002119,GO:0002164,GO:0003674,GO:0005102,GO:0005178,GO:0005198,GO:0005488,GO:0005515,GO:0005575,GO:0005576,GO:0005604,GO:0005622,GO:0005623,GO:0005737,GO:0005764,GO:0005773,GO:0005775,GO:0005794,GO:0005796,GO:0005886,GO:0006022,GO:0006023,GO:0006024,GO:0006026,GO:0006027,GO:0006629,GO:0006720,GO:0006721,GO:0006807,GO:0006810,GO:0006897,GO:0006898,GO:0006928,GO:0006935,GO:0006950,GO:0006952,GO:0006954,GO:0006996,GO:0007010,GO:0007044,GO:0007154,GO:0007163,GO:0007165,GO:0007166,GO:0007167,GO:0007169,GO:0007275,GO:0007399,GO:0007409,GO:0007411,GO:0007414,GO:0007415,GO:0007417,GO:0007420,GO:0007517,GO:0008022,GO:0008037,GO:0008038,GO:0008045,GO:0008150,GO:0008152,GO:0008543,GO:0009056,GO:0009057,GO:0009058,GO:0009059,GO:0009605,GO:0009653,GO:0009719,GO:0009790,GO:0009791,GO:0009792,GO:0009887,GO:0009892,GO:0009966,GO:0009967,GO:0009987,GO:0010033,GO:0010605,GO:0010646,GO:0010647,GO:0010927,GO:0010941,GO:0012505,GO:0016020,GO:0016043,GO:0016101,GO:0016192,GO:0016477,GO:0016525,GO:0019222,GO:0019538,GO:0022008,GO:0022603,GO:0022607,GO:0022612,GO:0023051,GO:0023052,GO:0023056,GO:0030011,GO:0030029,GO:0030030,GO:0030036,GO:0030154,GO:0030182,GO:0030198,GO:0030203,GO:0030239,GO:0031012,GO:0031032,GO:0031175,GO:0031581,GO:0031974,GO:0032501,GO:0032502,GO:0032989,GO:0032990,GO:0032991,GO:0034329,GO:0034330,GO:0035088,GO:0035090,GO:0035295,GO:0040011,GO:0040012,GO:0040017,GO:0042221,GO:0042330,GO:0042493,GO:0042692,GO:0043062,GO:0043170,GO:0043202,GO:0043226,GO:0043227,GO:0043228,GO:0043229,GO:0043231,GO:0043232,GO:0043233,GO:0043292,GO:0043900,GO:0043902,GO:0044085,GO:0044237,GO:0044238,GO:0044255,GO:0044260,GO:0044267,GO:0044344,GO:0044421,GO:0044422,GO:0044424,GO:0044425,GO:0044431,GO:0044437,GO:0044444,GO:0044446,GO:0044449,GO:0044459,GO:0044464,GO:0044877,GO:0045197,GO:0045199,GO:0045765,GO:0048468,GO:0048513,GO:0048518,GO:0048519,GO:0048522,GO:0048523,GO:0048565,GO:0048583,GO:0048584,GO:0048644,GO:0048646,GO:0048666,GO:0048667,GO:0048699,GO:0048731,GO:0048732,GO:0048812,GO:0048856,GO:0048858,GO:0048869,GO:0048870,GO:0050750,GO:0050789,GO:0050793,GO:0050794,GO:0050839,GO:0050896,GO:0051093,GO:0051128,GO:0051129,GO:0051146,GO:0051171,GO:0051172,GO:0051179,GO:0051234,GO:0051239,GO:0051240,GO:0051241,GO:0051246,GO:0051248,GO:0051674,GO:0051716,GO:0055001,GO:0055002,GO:0055120,GO:0055123,GO:0060255,GO:0060278,GO:0060279,GO:0060322,GO:0060465,GO:0060548,GO:0061061,GO:0061245,GO:0061564,GO:0062023,GO:0065007,GO:0070013,GO:0070325,GO:0070848,GO:0070887,GO:0070925,GO:0071310,GO:0071363,GO:0071495,GO:0071704,GO:0071774,GO:0071840,GO:0071944,GO:0072347,GO:0072358,GO:0072359,GO:0080090,GO:0097435,GO:0097485,GO:0098657,GO:0098796,GO:0098797,GO:0099080,GO:0099081,GO:0099512,GO:0120036,GO:0120039,GO:1901135,GO:1901136,GO:1901137,GO:1901342,GO:1901343,GO:1901564,GO:1901565,GO:1901566,GO:1901575,GO:1901576,GO:1902903,GO:1902904,GO:1905905,GO:1905906,GO:1905907,GO:2000026,GO:2000181,GO:2000241,GO:2000243,GO:2001260,GO:2001262
A447: TRINITY_DN174974_c0_g1 | B447: 68.586352 | C447: -8.4840299 | D447: 1.4935899 | E447: -5.6802942 | F447: 1.3446324e-08 | G447: 5.9518004e-06 | H447: K08614,K06540 | I447: Disintegrin and metalloproteinase domain-containing protein 28 | J447: GO:0000003,GO:0003674,GO:0003824,GO:0005575,GO:0005576,GO:0005622,GO:0005623,GO:0005737,GO:0005739,GO:0005886,GO:0006508,GO:0006807,GO:0007276,GO:0007283,GO:0008150,GO:0008152,GO:0008233,GO:0008237,GO:0016020,GO:0016787,GO:0019538,GO:0019953,GO:0022414,GO:0032501,GO:0032504,GO:0043170,GO:0043226,GO:0043227,GO:0043229,GO:0043231,GO:0044238,GO:0044424,GO:0044444,GO:0044464,GO:0044703,GO:0048232,GO:0048609,GO:0051704,GO:0070011,GO:0071704,GO:0071944,GO:0140096,GO:1901564
A448: TRINITY_DN186702_c4_g4 | B448: 194.1568 | C448: -2.6341949 | D448: 0.46449282 | E448: -5.6711209 | F448: 1.4186626e-08 | G448: 6.152625e-06 | H448: K16342 | I448: C2 domain | J448: GO:0000003,GO:0000302,GO:0001542,GO:0001554,GO:0001676,GO:0001890,GO:0001893,GO:0001894,GO:0002237,GO:0002673,GO:0002675,GO:0003006,GO:0003674,GO:0003824,GO:0004620,GO:0004622,GO:0004623,GO:0005488,GO:0005509,GO:0005515,GO:0005543,GO:0005544,GO:0005575,GO:0005622,GO:0005623,GO:0005634,GO:0005737,GO:0005739,GO:0005740,GO:0005743,GO:0005783,GO:0005789,GO:0005794,GO:0005811,GO:0005829,GO:0006082,GO:0006575,GO:0006629,GO:0006631,GO:0006644,GO:0006650,GO:0006654,GO:0006658,GO:0006663,GO:0006690,GO:0006793,GO:0006796,GO:0006807,GO:0006810,GO:0006811,GO:0006820,GO:0006869,GO:0006950,GO:0006979,GO:0007275,GO:0007276,GO:0007292,GO:0007548,GO:0007565,GO:0007568,GO:0007584,GO:0008150,GO:0008152,GO:0008284,GO:0008289,GO:0008406,GO:0008585,GO:0008610,GO:0008654,GO:0008970,GO:0009058,GO:0009266,GO:0009408,GO:0009605,GO:0009607,GO:0009617,GO:0009628,GO:0009636,GO:0009719,GO:0009725,GO:0009888,GO:0009889,GO:0009891,GO:0009893,GO:0009987,GO:0009991,GO:0010033,GO:0010035,GO:0010038,GO:0010226,GO:0010243,GO:0010565,GO:0010638,GO:0010876,GO:0010941,GO:0010942,GO:0012505,GO:0014070,GO:0015711,GO:0015718,GO:0015849,GO:0015908,GO:0015909,GO:0016020,GO:0016053,GO:0016298,GO:0016787,GO:0016788,GO:0017144,GO:0019216,GO:0019217,GO:0019222,GO:0019369,GO:0019637,GO:0019752,GO:0019866,GO:0019899,GO:0019953,GO:0022414,GO:0022602,GO:0030141,GO:0030278,GO:0030500,GO:0030501,GO:0030728,GO:0031090,GO:0031323,GO:0031325,GO:0031326,GO:0031328,GO:0031338,GO:0031340,GO:0031347,GO:0031349,GO:0031392,GO:0031394,GO:0031410,GO:0031620,GO:0031622,GO:0031650,GO:0031652,GO:0031667,GO:0031960,GO:0031966,GO:0031967,GO:0031975,GO:0031982,GO:0031984,GO:0032048,GO:0032101,GO:0032103,GO:0032309,GO:0032496,GO:0032501,GO:0032502,GO:0032504,GO:0032787,GO:0032879,GO:0033036,GO:0033043,GO:0033273,GO:0033280,GO:0033559,GO:0033993,GO:0035035,GO:0035965,GO:0036148,GO:0036149,GO:0036150,GO:0036151,GO:0036152,GO:0042127,GO:0042175,GO:0042221,GO:0042304,GO:0042493,GO:0042542,GO:0042588,GO:0042592,GO:0042698,GO:0042981,GO:0043065,GO:0043067,GO:0043068,GO:0043129,GO:0043167,GO:0043168,GO:0043169,GO:0043207,GO:0043226,GO:0043227,GO:0043228,GO:0043229,GO:0043231,GO:0043232,GO:0043436,GO:0044237,GO:0044238,GO:0044249,GO:0044255,GO:0044281,GO:0044283,GO:0044422,GO:0044424,GO:0044425,GO:0044429,GO:0044432,GO:0044444,GO:0044446,GO:0044464,GO:0044703,GO:0044706,GO:0045017,GO:0045137,GO:0045723,GO:0045778,GO:0045834,GO:0045923,GO:0046394,GO:0046456,GO:0046469,GO:0046470,GO:0046471,GO:0046473,GO:0046474,GO:0046486,GO:0046488,GO:0046545,GO:0046660,GO:0046677,GO:0046697,GO:0046717,GO:0046872,GO:0046889,GO:0046890,GO:0046903,GO:0046942,GO:0047498,GO:0048471,GO:0048511,GO:0048513,GO:0048518,GO:0048522,GO:0048545,GO:0048583,GO:0048584,GO:0048608,GO:0048609,GO:0048731,GO:0048856,GO:0048871,GO:0048875,GO:0048878,GO:0050482,GO:0050727,GO:0050729,GO:0050789,GO:0050793,GO:0050794,GO:0050896,GO:0051049,GO:0051050,GO:0051094,GO:0051128,GO:0051130,GO:0051179,GO:0051234,GO:0051239,GO:0051240,GO:0051384,GO:0051592,GO:0051597,GO:0051704,GO:0051707,GO:0051716,GO:0052689,GO:0060135,GO:0060249,GO:0060627,GO:0061458,GO:0062012,GO:0062013,GO:0065007,GO:0065008,GO:0070167,GO:0070169,GO:0070887,GO:0071236,GO:0071702,GO:0071704,GO:0071715,GO:0080090,GO:0080134,GO:0090407,GO:0097164,GO:0097708,GO:0098827,GO:0099503,GO:1901564,GO:1901566,GO:1901568,GO:1901570,GO:1901571,GO:1901576,GO:1901698,GO:1901700,GO:1903963,GO:2000026,GO:2001279,GO:2001280
A449: TRINITY_DN168315_c0_g1 | B449: 86.762586 | C449: -4.2319634 | D449: 0.74992323 | E449: -5.6431955 | F449: 1.6692264e-08 | G449: 7.0263794e-06 | H449: - | I449: Forkhead box 2b1 protein | J449: -
A450: TRINITY_DN183568_c0_g1 | B450: 55.073974 | C450: -3.4604775 | D450: 0.61449865 | E450: -5.6313834 | F450: 1.787698e-08 | G450: 7.4883616e-06 | H450: K21392,K08638 | I450: AE binding protein 1 | J450: -
A451: TRINITY_DN171762_c1_g3 | B451: 91.869321 | C451: -5.4581668 | D451: 0.97066462 | E451: -5.6231232 | F451: 1.875355e-08 | G451: 7.6322399e-06 | H451: K09072,K09070 | I451: branchiomeric skeletal muscle development | J451: GO:0000122,GO:0000976,GO:0000977,GO:0000980,GO:0000981,GO:0001012,GO:0001067,GO:0001158,GO:0001206,GO:0001227,GO:0003674,GO:0003676,GO:0003677,GO:0003690,GO:0003700,GO:0003705,GO:0003712,GO:0003714,GO:0005488,GO:0005575,GO:0005622,GO:0005623,GO:0005634,GO:0005654,GO:0006139,GO:0006351,GO:0006355,GO:0006357,GO:0006366,GO:0006725,GO:0006807,GO:0007275,GO:0007517,GO:0007519,GO:0008150,GO:0008152,GO:0009058,GO:0009059,GO:0009888,GO:0009889,GO:0009890,GO:0009892,GO:0009987,GO:0010033,GO:0010467,GO:0010468,GO:0010556,GO:0010558,GO:0010605,GO:0010629,GO:0014706,GO:0014707,GO:0016070,GO:0018130,GO:0019219,GO:0019222,GO:0019438,GO:0031323,GO:0031324,GO:0031326,GO:0031327,GO:0031974,GO:0031981,GO:0032501,GO:0032502,GO:0032774,GO:0034097,GO:0034641,GO:0034645,GO:0034654,GO:0035326,GO:0042221,GO:0043170,GO:0043226,GO:0043227,GO:0043229,GO:0043231,GO:0043233,GO:0043565,GO:0044212,GO:0044237,GO:0044238,GO:0044249,GO:0044260,GO:0044271,GO:0044422,GO:0044424,GO:0044428,GO:0044446,GO:0044464,GO:0045892,GO:0045934,GO:0046483,GO:0048513,GO:0048519,GO:0048523,GO:0048731,GO:0048856,GO:0050789,GO:0050794,GO:0050896,GO:0051171,GO:0051172,GO:0051252,GO:0051253,GO:0051716,GO:0060021,GO:0060255,GO:0060537,GO:0060538,GO:0060539,GO:0060541,GO:0061061,GO:0065007,GO:0070013,GO:0070887,GO:0071310,GO:0071345,GO:0071704,GO:0080090,GO:0090304,GO:0097159,GO:0097659,GO:0140110,GO:1901360,GO:1901362,GO:1901363,GO:1901576,GO:1902679,GO:1903506,GO:1903507,GO:1990823,GO:1990830,GO:1990837,GO:2000112,GO:2000113,GO:2001141
A452: TRINITY_DN193685_c0_g2 | B452: 2081.1565 | C452: -6.9451368 | D452: 1.2354006 | E452: -5.6217692 | F452: 1.8901167e-08 | G452: 7.6559532e-06 | H452: K06254,K06825 | I452: Fibrillin; calcium ion binding | J452: -
A453: TRINITY_DN192838_c2_g3 | B453: 90.701537 | C453: -3.5052619 | D453: 0.62411414 | E453: -5.6163795 | F453: 1.9500009e-08 | G453: 7.8246974e-06 | H453: K13868 | I453: L-alpha-amino acid transmembrane transport | J453: GO:0000099,GO:0000101,GO:0002376,GO:0003333,GO:0003674,GO:0003823,GO:0005215,GO:0005342,GO:0005488,GO:0005575,GO:0005623,GO:0005886,GO:0005887,GO:0005903,GO:0006810,GO:0006811,GO:0006820,GO:0006865,GO:0006928,GO:0008150,GO:0008509,GO:0008514,GO:0009987,GO:0015075,GO:0015171,GO:0015175,GO:0015179,GO:0015184,GO:0015291,GO:0015297,GO:0015318,GO:0015711,GO:0015804,GO:0015807,GO:0015811,GO:0015849,GO:0016020,GO:0016021,GO:0016043,GO:0016324,GO:0016477,GO:0022607,GO:0022804,GO:0022857,GO:0031224,GO:0031226,GO:0031253,GO:0031526,GO:0033218,GO:0034220,GO:0040011,GO:0042277,GO:0042605,GO:0042995,GO:0043933,GO:0044085,GO:0044425,GO:0044459,GO:0044463,GO:0044464,GO:0045177,GO:0046942,GO:0046943,GO:0048870,GO:0050900,GO:0051179,GO:0051234,GO:0051674,GO:0055085,GO:0065003,GO:0071702,GO:0071705,GO:0071840,GO:0071944,GO:0072337,GO:0072348,GO:0072349,GO:0098590,GO:0098656,GO:0098862,GO:0120025,GO:0120038,GO:1901682,GO:1902475,GO:1903825,GO:1905039
... A635: TRINITY_DN199863_c3_g2 | B635: 298.90864 | C635: -2.0896997 | D635: 0.46967498 | E635: -4.4492465 | F635: 8.6172071e-06 | G635: 0.00099995701 | H635: K04255 | I635: opsin-3-like;7 transmembrane receptor (rhodopsin family) | J635: -

Sheet TableS6
A1: Table S6 | Heat treatment DEGs in Pseudodiploria clivosa host -2>logFC>2 padj<0.01. p value is obtained from a Wald test, and BH adjusted p-values are provided as padj (DESeq2).
A2: id | B2: baseMean | C2: log2FoldChange | D2: lfcSE | E2: stat | F2: pvalue | G2: padj | H2: KO | I2: Description | J2: GO
A3: TRINITY_DN190030_c0_g1 | B3: 166.98729 | C3: -3.6035192 | D3: 0.40717266 | E3: -8.8501011 | F3: 8.7440026e-19 | G3: 1.5017125e-14 | H3: - | I3: =VLOOKUP(A3,TableS5!A:J,9,FALSE) -> Predicted protein | J3: -
A4: TRINITY_DN190386_c0_g2 | B4: 1515.9143 | C4: -7.6730802 | D4: 0.87044687 | E4: -8.8151047 | F4: 1.1957327e-18 | G4: 1.7113127e-14 | H4: - | I4: =VLOOKUP(A4,TableS5!A:J,9,FALSE) -> GFP-like fluorescent chromoprotein cFP484 | J4: -
A5: TRINITY_DN202136_c1_g5 | B5: 574.34756 | C5: -3.0898699 | D5: 0.35339188 | E5: -8.7434659 | F5: 2.2606622e-18 | G5: 2.7732189e-14 | H5: =VLOOKUP(A5,TableS5!A:J,8,FALSE) -> K04605 | I5: - | J5: -
A6: TRINITY_DN186835_c2_g9 | B6: 811.99283 | C6: -7.5397693 | D6: 0.86957288 | E6: -8.6706583 | F6: 4.2962915e-18 | G6: 4.6115856e-14 | H6: =VLOOKUP(A6,TableS5!A:J,8,FALSE) -> K06051 | I6: =VLOOKUP(A6,TableS5!A:J,9,FALSE) -> Putative delta-like protein D | J6: -
A7: TRINITY_DN190224_c0_g2 | B7: 117.42783 | C7: -5.2293084 | D7: 0.6048024 | E7: -8.6463089 | F7: 5.3191991e-18 | G7: 5.075166e-14 | H7: K06255 | I7: =VLOOKUP(A7,TableS5!A:J,9,FALSE) -> basement membrane-specific heparan sulfate proteoglycan core protein-lik | J7: GO:0000323,GO:0000902,GO:0000904,GO:0001523,GO:0002119,GO:0002164,GO:0003674,GO:0005102,GO:0005178,GO:0005198,GO:0005488,GO:0005515,GO:0005575,GO:0005576,GO:0005604,GO:0005622,GO:0005623,GO:0005737,GO:0005764,GO:0005773,GO:0005775,GO:0005794,GO:0005796,GO:0005886,GO:0006022,GO:0006023,GO:0006024,GO:0006026,GO:0006027,GO:0006629,GO:0006720,GO:0006721,GO:0006807,GO:0006810,GO:0006897,GO:0006898,GO:0006928,GO:0006935,GO:0006950,GO:0006952,GO:0006954,GO:0006996,GO:0007010,GO:0007044,GO:0007154,GO:0007163,GO:0007165,GO:0007166,GO:0007167,GO:0007169,GO:0007275,GO:0007399,GO:0007409,GO:0007411,GO:0007414,GO:0007415,GO:0007417,GO:0007420,GO:0007517,GO:0008022,GO:0008037,GO:0008038,GO:0008045,GO:0008150,GO:0008152,GO:0008543,GO:0009056,GO:0009057,GO:0009058,GO:0009059,GO:0009605,GO:0009653,GO:0009719,GO:0009790,GO:0009791,GO:0009792,GO:0009887,GO:0009892,GO:0009966,GO:0009967,GO:0009987,GO:0010033,GO:0010605,GO:0010646,GO:0010647,GO:0010927,GO:0010941,GO:0012505,GO:0016020,GO:0016043,GO:0016101,GO:0016192,GO:0016477,GO:0016525,GO:0019222,GO:0019538,GO:0022008,GO:0022603,GO:0022607,GO:0022612,GO:0023051,GO:0023052,GO:0023056,GO:0030011,GO:0030029,GO:0030030,GO:0030036,GO:0030154,GO:0030182,GO:0030198,GO:0030203,GO:0030239,GO:0031012,GO:0031032,GO:0031175,GO:0031581,GO:0031974,GO:0032501,GO:0032502,GO:0032989,GO:0032990,GO:0032991,GO:0034329,GO:0034330,GO:0035088,GO:0035090,GO:0035295,GO:0040011,GO:0040012,GO:0040017,GO:0042221,GO:0042330,GO:0042493,GO:0042692,GO:0043062,GO:0043170,GO:0043202,GO:0043226,GO:0043227,GO:0043228,GO:0043229,GO:0043231,GO:0043232,GO:0043233,GO:0043292,GO:0043900,GO:0043902,GO:0044085,GO:0044237,GO:0044238,GO:0044255,GO:0044260,GO:0044267,GO:0044344,GO:0044421,GO:0044422,GO:0044424,GO:0044425,GO:0044431,GO:0044437,GO:0044444,GO:0044446,GO:0044449,GO:0044459,GO:0044464,GO:0044877,GO:0045197,GO:0045199,GO:0045765,GO:0048468,GO:0048513,GO:0048518,GO:0048519,GO:0048522,GO:0048523,GO:0048565,GO:0048583,GO:0048584,GO:0048644,GO:0048646,GO:0048666,GO:0048667,GO:0048699,GO:0048731,GO:0048732,GO:0048812,GO:0048856,GO:0048858,GO:0048869,GO:0048870,GO:0050750,GO:0050789,GO:0050793,GO:0050794,GO:0050839,GO:0050896,GO:0051093,GO:0051128,GO:0051129,GO:0051146,GO:0051171,GO:0051172,GO:0051179,GO:0051234,GO:0051239,GO:0051240,GO:0051241,GO:0051246,GO:0051248,GO:0051674,GO:0051716,GO:0055001,GO:0055002,GO:0055120,GO:0055123,GO:0060255,GO:0060278,GO:0060279,GO:0060322,GO:0060465,GO:0060548,GO:0061061,GO:0061245,GO:0061564,GO:0062023,GO:0065007,GO:0070013,GO:0070325,GO:0070848,GO:0070887,GO:0070925,GO:0071310,GO:0071363,GO:0071495,GO:0071704,GO:0071774,GO:0071840,GO:0071944,GO:0072347,GO:0072358,GO:0072359,GO:0080090,GO:0097435,GO:0097485,GO:0098657,GO:0098796,GO:0098797,GO:0099080,GO:0099081,GO:0099512,GO:0120036,GO:0120039,GO:1901135,GO:1901136,GO:1901137,GO:1901342,GO:1901343,GO:1901564,GO:1901565,GO:1901566,GO:1901575,GO:1901576,GO:1902903,GO:1902904,GO:1905905,GO:1905906,GO:1905907,GO:2000026,GO:2000181,GO:2000241,GO:2000243,GO:2001260,GO:2001262
A8: TRINITY_DN205202_c14_g5 | B8: 146.05972 | C8: -3.1158051 | D8: 0.40853344 | E8: -7.6268054 | F8: 2.4064243e-14 | G8: 8.6100859e-11 | H8: - | I8: Granulin b | J8: -
A9: TRINITY_DN192573_c3_g1 | B9: 235.94381 | C9: -3.6264987 | D9: 0.48210765 | E9: -7.5221761 | F9: 5.387194e-14 | G9: 1.8504149e-10 | H9: K08202,K08203,K08204,K08205,K08206,K08207,K08208,K08209,K08210,K08216 | I9: solute carrier family 22, organic cation transporter protein-like | J9: GO:0001101,GO:0002238,GO:0003008,GO:0003014,GO:0003674,GO:0004888,GO:0004930,GO:0004953,GO:0004954,GO:0004955,GO:0005080,GO:0005215,GO:0005319,GO:0005342,GO:0005452,GO:0005488,GO:0005515,GO:0005575,GO:0005623,GO:0005886,GO:0005887,GO:0005901,GO:0005903,GO:0006082,GO:0006139,GO:0006725,GO:0006732,GO:0006733,GO:0006753,GO:0006793,GO:0006796,GO:0006807,GO:0006810,GO:0006811,GO:0006812,GO:0006820,GO:0006835,GO:0006855,GO:0006857,GO:0006869,GO:0007154,GO:0007165,GO:0007186,GO:0007588,GO:0008028,GO:0008150,GO:0008152,GO:0008324,GO:0008509,GO:0008514,GO:0008519,GO:0009058,GO:0009108,GO:0009117,GO:0009165,GO:0009435,GO:0009605,GO:0009607,GO:0009620,GO:0009719,GO:0009725,GO:0009897,GO:0009914,GO:0009986,GO:0009987,GO:0010033,GO:0010243,GO:0010817,GO:0010876,GO:0014070,GO:0015075,GO:0015101,GO:0015103,GO:0015143,GO:0015238,GO:0015245,GO:0015291,GO:0015297,GO:0015301,GO:0015318,GO:0015347,GO:0015636,GO:0015651,GO:0015695,GO:0015696,GO:0015697,GO:0015698,GO:0015711,GO:0015718,GO:0015732,GO:0015742,GO:0015747,GO:0015833,GO:0015849,GO:0015893,GO:0015908,GO:0015912,GO:0015913,GO:0016020,GO:0016021,GO:0016043,GO:0016323,GO:0016324,GO:0018130,GO:0019359,GO:0019362,GO:0019363,GO:0019438,GO:0019534,GO:0019637,GO:0019674,GO:0019725,GO:0019899,GO:0019900,GO:0019901,GO:0019904,GO:0022607,GO:0022804,GO:0022857,GO:0023052,GO:0030165,GO:0031224,GO:0031226,GO:0031253,GO:0031404,GO:0031427,GO:0031526,GO:0032501,GO:0032868,GO:0032869,GO:0032870,GO:0032991,GO:0033036,GO:0034220,GO:0034356,GO:0034635,GO:0034641,GO:0034654,GO:0035461,GO:0035634,GO:0038023,GO:0042221,GO:0042493,GO:0042592,GO:0042802,GO:0042803,GO:0042886,GO:0042939,GO:0042995,GO:0043167,GO:0043168,GO:0043207,GO:0043252,GO:0043434,GO:0043933,GO:0044085,GO:0044237,GO:0044238,GO:0044249,GO:0044271,GO:0044281,GO:0044425,GO:0044459,GO:0044463,GO:0044464,GO:0044853,GO:0045121,GO:0045177,GO:0046415,GO:0046483,GO:0046496,GO:0046903,GO:0046942,GO:0046943,GO:0046983,GO:0050789,GO:0050794,GO:0050896,GO:0051179,GO:0051180,GO:0051181,GO:0051186,GO:0051188,GO:0051234,GO:0051259,GO:0051260,GO:0051704,GO:0051707,GO:0051716,GO:0055085,GO:0055086,GO:0060089,GO:0065003,GO:0065007,GO:0065008,GO:0070887,GO:0071310,GO:0071375,GO:0071417,GO:0071495,GO:0071702,GO:0071704,GO:0071705,GO:0071715,GO:0071718,GO:0071720,GO:0071840,GO:0071944,GO:0072337,GO:0072348,GO:0072488,GO:0072521,GO:0072524,GO:0072525,GO:0090407,GO:0090416,GO:0090482,GO:0097254,GO:0097327,GO:0097329,GO:0097744,GO:0098552,GO:0098589,GO:0098590,GO:0098655,GO:0098656,GO:0098805,GO:0098857,GO:0098862,GO:0099516,GO:0120025,GO:0120038,GO:1901293,GO:1901360,GO:1901362,GO:1901564,GO:1901566,GO:1901571,GO:1901576,GO:1901652,GO:1901653,GO:1901698,GO:1901699,GO:1901700,GO:1901701,GO:1901702,GO:1901998,GO:1903825,GO:1905039,GO:2001142
A10: TRINITY_DN180807_c0_g7 | B10: 910.4191 | C10: -4.8643315 | D10: 0.650744 | E10: -7.475031 | F10: 7.7185665e-14 | G10: 2.3671465e-10 | H10: - | I10: =VLOOKUP(A10,TableS5!A:J,9,FALSE) -> Predicted protein (Fragment) | J10: -
A11: TRINITY_DN172844_c1_g1 | B11: 75.283318 | C11: -4.3426907 | D11: 0.58980835 | E11: -7.3628844 | F11: 1.7997823e-13 | G11: 4.8296595e-10 | H11: - | I11: =VLOOKUP(A11,TableS5!A:J,9,FALSE) -> Predicted protein | J11: -
A12: TRINITY_DN171324_c0_g1 | B12: 223.53902 | C12: -4.1914917 | D12: 0.57991051 | E12: -7.2278251 | F12: 4.9079027e-13 | G12: 1.1706848e-09 | H12: =VLOOKUP(A12,TableS5!A:J,8,FALSE) -> K08467 | I12: =VLOOKUP(A12,TableS5!A:J,9,FALSE) -> Potassium channel (Fragment) | J12: -
A13: TRINITY_DN186849_c3_g5 | B13: 876.75391 | C13: -3.4291437 | D13: 0.47578585 | E13: -7.2073259 | F13: 5.7061308e-13 | G13: 1.2980523e-09 | H13: =VLOOKUP(A13,TableS5!A:J,8,FALSE) -> K04200 | I13: =VLOOKUP(A13,TableS5!A:J,9,FALSE) -> putative adrenocorticotropic hormone receptor-like | J13: -
A14: TRINITY_DN174450_c1_g1 | B14: 282.1001 | C14: -2.6830589 | D14: 0.37231508 | E14: -7.2064202 | F14: 5.7441962e-13 | G14: 1.2980523e-09 | H14: - | I14: =VLOOKUP(A14,TableS5!A:J,9,FALSE) -> Predicted protein | J14: -
A15: TRINITY_DN193096_c4_g3 | B15: 373.45884 | C15: -3.5473604 | D15: 0.49422973 | E15: -7.1775537 | F15: 7.0969794e-13 | G15: 1.5626275e-09 | H15: =VLOOKUP(A15,TableS5!A:J,8,FALSE) -> K08202 | I15: =VLOOKUP(A15,TableS5!A:J,9,FALSE) -> uncharacterized protein LOC106181466 | J15: -
A16: TRINITY_DN196011_c1_g4 | B16: 550.35591 | C16: -3.8326475 | D16: 0.54708434 | E16: -7.005588 | F16: 2.4595071e-12 | G16: 4.6933408e-09 | H16: - | I16: MAM and LDL-receptor class A domain-containing protein 1-like; metalloendopeptidase activity | J16: -
A17: TRINITY_DN202934_c6_g7 | B17: 132.14704 | C17: -2.9623931 | D17: 0.42429994 | E17: -6.981837 | F17: 2.91345e-12 | G17: 5.4387145e-09 | H17: - | I17: - | J17: -
A18: TRINITY_DN191071_c2_g2 | B18: 190.89112 | C18: -2.952645 | D18: 0.42648885 | E18: -6.9231469 | F18: 4.4171933e-12 | G18: 7.4374275e-09 | H18: =VLOOKUP(A18,TableS5!A:J,8,FALSE) -> K06238 | I18: - | J18: -
A19: TRINITY_DN193876_c0_g1 | B19: 878.28695 | C19: -3.62611 | D19: 0.52518635 | E19: -6.9044254 | F19: 5.0407052e-12 | G19: 8.1669886e-09 | H19: - | I19: - | J19: -
A20: TRINITY_DN197342_c1_g8 | B20: 920.58657 | C20: -5.8554113 | D20: 0.85220792 | E20: -6.8708717 | F20: 6.3810761e-12 | G20: 1.0147211e-08 | H20: K01672,K18245 | I20: carbonic anhydrase 2-like isoform X3; positive regulation of dipeptide transport | J20: -
A21: TRINITY_DN182518_c0_g2 | B21: 161.69866 | C21: -3.0583639 | D21: 0.44732153 | E21: -6.8370596 | F21: 8.0835132e-12 | G21: 1.2395346e-08 | H21: - | I21: - | J21: -
A22: TRINITY_DN188745_c1_g2 | B22: 116.92553 | C22: -4.4793027 | D22: 0.65732641 | E22: -6.8144268 | F22: 9.4640325e-12 | G22: 1.4257648e-08 | H22: K10442,K10457 | I22: kelch-like protein diablo; BTB And C-terminal Kelch | J22: -
A23: TRINITY_DN200418_c1_g2 | B23: 319.53679 | C23: -3.4274943 | D23: 0.50450491 | E23: -6.7937777 | F23: 1.0923464e-11 | G23: 1.6172566e-08 | H23: =VLOOKUP(A23,TableS5!A:J,8,FALSE) -> K09225 | I23: =VLOOKUP(A23,TableS5!A:J,9,FALSE) -> Predicted protein | J23: -
A24: TRINITY_DN196112_c6_g9 | B24: 979.40061 | C24: -2.8821166 | D24: 0.4244472 | E24: -6.7902829 | F24: 1.1191388e-11 | G24: 1.6288402e-08 | H24: - | I24: =VLOOKUP(A24,TableS5!A:J,9,FALSE) -> Vitellogenin (Fragment) | J24: -
A25: TRINITY_DN197843_c0_g1 | B25: 922.79673 | C25: -4.2390866 | D25: 0.62683511 | E25: -6.7626821 | F25: 1.3546027e-11 | G25: 1.9386848e-08 | H25: K13868,K13781 | I25: ib(0,+)-type amino acid transporter 1-like; L-alpha-amino acid transmembrane transport | J25: GO:0000099,GO:0000101,GO:0002376,GO:0003333,GO:0003674,GO:0003823,GO:0005215,GO:0005342,GO:0005488,GO:0005575,GO:0005623,GO:0005886,GO:0005887,GO:0005903,GO:0006810,GO:0006811,GO:0006820,GO:0006865,GO:0006928,GO:0008150,GO:0008509,GO:0008514,GO:0009987,GO:0015075,GO:0015171,GO:0015175,GO:0015179,GO:0015184,GO:0015291,GO:0015297,GO:0015318,GO:0015711,GO:0015804,GO:0015807,GO:0015811,GO:0015849,GO:0016020,GO:0016021,GO:0016043,GO:0016324,GO:0016477,GO:0022607,GO:0022804,GO:0022857,GO:0031224,GO:0031226,GO:0031253,GO:0031526,GO:0033218,GO:0034220,GO:0040011,GO:0042277,GO:0042605,GO:0042995,GO:0043933,GO:0044085,GO:0044425,GO:0044459,GO:0044463,GO:0044464,GO:0045177,GO:0046942,GO:0046943,GO:0048870,GO:0050900,GO:0051179,GO:0051234,GO:0051674,GO:0055085,GO:0065003,GO:0071702,GO:0071705,GO:0071840,GO:0071944,GO:0072337,GO:0072348,GO:0072349,GO:0098590,GO:0098656,GO:0098862,GO:0120025,GO:0120038,GO:1901682,GO:1902475,GO:1903825,GO:1905039
A26: TRINITY_DN181705_c0_g2 | B26: 53.288182 | C26: -4.7363519 | D26: 0.70163752 | E26: -6.7504257 | F26: 1.4741202e-11 | G26: 2.0416803e-08 | H26: - | I26: =VLOOKUP(A26,TableS5!A:J,9,FALSE) -> Predicted protein (Fragment) | J26: -
A27: TRINITY_DN190659_c0_g2 | B27: 159.10235 | C27: -5.3807868 | D27: 0.7985717 | E27: -6.7380134 | F27: 1.6056673e-11 | G27: 2.1885755e-08 | H27: - | I27: - | J27: -
A28: TRINITY_DN183750_c1_g1 | B28: 97.780289 | C28: -6.0857095 | D28: 0.90446436 | E28: -6.7285233 | F28: 1.7139357e-11 | G28: 2.2642673e-08 | H28: =VLOOKUP(A28,TableS5!A:J,8,FALSE) -> K17341 | I28: Thrombospondin-1; metalloendopeptidase activity | J28: -
A29: TRINITY_DN192408_c3_g2 | B29: 463.01921 | C29: -2.4701574 | D29: 0.37092351 | E29: -6.6594792 | F29: 2.7479954e-11 | G29: 3.2774044e-08 | H29: =VLOOKUP(A29,TableS5!A:J,8,FALSE) -> K08132 | I29: Coagulation factor 5/8 C-terminal domain, discoidin domain | J29: -
A30: TRINITY_DN195972_c2_g3 | B30: 1044.0087 | C30: -3.313573 | D30: 0.49835082 | E30: -6.649077 | F30: 2.9493668e-11 | G30: 3.4693847e-08 | H30: K14206,K14637 | I30: oligopeptide transmembrane transporter activity | J30: GO:0001878,GO:0003674,GO:0005215,GO:0005427,GO:0005575,GO:0005623,GO:0005886,GO:0005887,GO:0005903,GO:0006810,GO:0006811,GO:0006812,GO:0006855,GO:0006857,GO:0008150,GO:0008324,GO:0009605,GO:0009607,GO:0009620,GO:0015075,GO:0015077,GO:0015078,GO:0015238,GO:0015291,GO:0015293,GO:0015294,GO:0015295,GO:0015318,GO:0015322,GO:0015333,GO:0015334,GO:0015672,GO:0015833,GO:0015893,GO:0016020,GO:0016021,GO:0016247,GO:0016248,GO:0022804,GO:0022857,GO:0022890,GO:0031224,GO:0031226,GO:0032879,GO:0032890,GO:0032891,GO:0034220,GO:0035442,GO:0035672,GO:0035673,GO:0042221,GO:0042493,GO:0042886,GO:0042887,GO:0042891,GO:0042895,GO:0042938,GO:0043207,GO:0043269,GO:0043271,GO:0044070,GO:0044425,GO:0044459,GO:0044464,GO:0048519,GO:0050789,GO:0050896,GO:0051049,GO:0051051,GO:0051179,GO:0051234,GO:0051704,GO:0051707,GO:0051952,GO:0051953,GO:0051955,GO:0051956,GO:0055085,GO:0065007,GO:0065009,GO:0071702,GO:0071705,GO:0071916,GO:0071944,GO:0098655,GO:0098660,GO:0098662,GO:0098772,GO:0098862,GO:1902600,GO:1903792,GO:1904680
A31: TRINITY_DN179409_c0_g1 | B31: 2222.8782 | C31: -2.9935374 | D31: 0.45157401 | E31: -6.6291181 | F31: 3.3769822e-11 | G31: 3.7660368e-08 | H31: =VLOOKUP(A31,TableS5!A:J,8,FALSE) -> K03768 | I31: =VLOOKUP(A31,TableS5!A:J,9,FALSE) -> peptidyl-prolyl cis-trans isomerase 6-like | J31: -
A32: TRINITY_DN191747_c1_g3 | B32: 212.8688 | C32: -2.6283063 | D32: 0.39943814 | E32: -6.5800082 | F32: 4.7042228e-11 | G32: 5.049454e-08 | H32: - | I32: - | J32: -
A33: TRINITY_DN187297_c4_g1 | B33: 54.296889 | C33: -4.1630873 | D33: 0.63485621 | E33: -6.557528 | F33: 5.4707057e-11 | G33: 5.7996909e-08 | H33: - | I33: =VLOOKUP(A33,TableS5!A:J,9,FALSE) -> Predicted protein (Fragment) | J33: -
A34: TRINITY_DN197185_c1_g3 | B34: 548.51434 | C34: -3.1673186 | D34: 0.48945693 | E34: -6.4710874 | F34: 9.7300099e-11 | G34: 9.8297139e-08 | H34: =VLOOKUP(A34,TableS5!A:J,8,FALSE) -> K06236 | I34: =VLOOKUP(A34,TableS5!A:J,9,FALSE) -> collagen alpha-2(I) chain-like | J34: -
A35: TRINITY_DN169419_c0_g1 | B35: 79.758738 | C35: -3.8449063 | D35: 0.60114711 | E35: -6.3959491 | F35: 1.5955319e-10 | G35: 1.5569309e-07 | H35: - | I35: =VLOOKUP(A35,TableS5!A:J,9,FALSE) -> Predicted protein (Fragment) | J35: -
A36: TRINITY_DN181876_c0_g1 | B36: 136.63497 | C36: -2.8803427 | D36: 0.45185766 | E36: -6.3744469 | F36: 1.8362439e-10 | G36: 1.7716865e-07 | H36: =VLOOKUP(A36,TableS5!A:J,8,FALSE) -> K08133 | I36: =VLOOKUP(A36,TableS5!A:J,9,FALSE) -> collagen alpha-1(XIV) chain-like isoform X2) | J36: -
A37: TRINITY_DN178836_c1_g1 | B37: 868.10833 | C37: -2.8196236 | D37: 0.44578711 | E37: -6.3250451 | F37: 2.5315858e-10 | G37: 2.388899e-07 | H37: - | I37: =VLOOKUP(A37,TableS5!A:J,9,FALSE) -> Predicted protein | J37: -
A38: TRINITY_DN178734_c0_g1 | B38: 102.68924 | C38: -3.1773277 | D38: 0.50411219 | E38: -6.3028187 | F38: 2.9228078e-10 | G38: 2.6987573e-07 | H38: - | I38: =VLOOKUP(A38,TableS5!A:J,9,FALSE) -> Predicted protein | J38: -
A39: TRINITY_DN186017_c2_g10 | B39: 741.49511 | C39: -4.4137317 | D39: 0.7026077 | E39: -6.2819291 | F39: 3.343974e-10 | G39: 3.0226357e-07 | H39: - | I39: =VLOOKUP(A39,TableS5!A:J,9,FALSE) -> Predicted protein (Fragment) | J39: -
A40: TRINITY_DN196342_c3_g4 | B40: 1135.8761 | C40: -2.5517819 | D40: 0.40724768 | E40: -6.2659212 | F40: 3.7062764e-10 | G40: 3.3152257e-07 | H40: - | I40: =VLOOKUP(A40,TableS5!A:J,9,FALSE) -> Vitellogenin (Fragment) | J40: -
A41: TRINITY_DN194868_c3_g1 | B41: 1399.8225 | C41: -2.0189812 | D41: 0.32258057 | E41: -6.2588432 | F41: 3.8784358e-10 | G41: 3.3304516e-07 | H41: K04984 | I41: Transient receptor potential cation channel, subfamily A, member | J41: GO:0000302,GO:0001580,GO:0002791,GO:0002793,GO:0003008,GO:0003012,GO:0003674,GO:0004888,GO:0005034,GO:0005215,GO:0005216,GO:0005217,GO:0005244,GO:0005245,GO:0005261,GO:0005262,GO:0005488,GO:0005515,GO:0005575,GO:0005623,GO:0005886,GO:0005887,GO:0006810,GO:0006811,GO:0006812,GO:0006816,GO:0006873,GO:0006874,GO:0006875,GO:0006936,GO:0006939,GO:0006950,GO:0006979,GO:0007154,GO:0007165,GO:0007166,GO:0007204,GO:0007600,GO:0007602,GO:0007606,GO:0007610,GO:0007638,GO:0008150,GO:0008324,GO:0009266,GO:0009314,GO:0009408,GO:0009409,GO:0009410,GO:0009416,GO:0009453,GO:0009581,GO:0009582,GO:0009583,GO:0009593,GO:0009605,GO:0009612,GO:0009628,GO:0009636,GO:0009719,GO:0009966,GO:0009967,GO:0009987,GO:0010033,GO:0010035,GO:0010037,GO:0010243,GO:0010378,GO:0010646,GO:0010647,GO:0010817,GO:0014070,GO:0014074,GO:0014832,GO:0014848,GO:0015075,GO:0015085,GO:0015267,GO:0015276,GO:0015278,GO:0015318,GO:0016020,GO:0016021,GO:0016043,GO:0016048,GO:0016324,GO:0019233,GO:0019722,GO:0019725,GO:0019932,GO:0022607,GO:0022803,GO:0022832,GO:0022834,GO:0022836,GO:0022838,GO:0022839,GO:0022843,GO:0022857,GO:0022890,GO:0023041,GO:0023051,GO:0023052,GO:0023056,GO:0030001,GO:0030003,GO:0030424,GO:0031000,GO:0031224,GO:0031226,GO:0031644,GO:0031646,GO:0032024,GO:0032421,GO:0032501,GO:0032879,GO:0032880,GO:0032991,GO:0033554,GO:0033555,GO:0034220,GO:0034605,GO:0034702,GO:0034703,GO:0035556,GO:0035690,GO:0035774,GO:0036270,GO:0038023,GO:0040011,GO:0040040,GO:0042221,GO:0042330,GO:0042331,GO:0042391,GO:0042493,GO:0042542,GO:0042592,GO:0042752,GO:0042802,GO:0042995,GO:0043005,GO:0043052,GO:0043269,GO:0043270,GO:0043279,GO:0043933,GO:0044057,GO:0044070,GO:0044085,GO:0044425,GO:0044459,GO:0044464,GO:0045177,GO:0046677,GO:0046873,GO:0046883,GO:0046887,GO:0046957,GO:0048265,GO:0048518,GO:0048519,GO:0048522,GO:0048523,GO:0048583,GO:0048584,GO:0048878,GO:0050708,GO:0050714,GO:0050789,GO:0050794,GO:0050796,GO:0050801,GO:0050848,GO:0050850,GO:0050877,GO:0050896,GO:0050906,GO:0050907,GO:0050909,GO:0050912,GO:0050913,GO:0050951,GO:0050954,GO:0050955,GO:0050960,GO:0050961,GO:0050965,GO:0050966,GO:0050968,GO:0050974,GO:0050982,GO:0051046,GO:0051047,GO:0051049,GO:0051050,GO:0051179,GO:0051209,GO:0051222,GO:0051223,GO:0051234,GO:0051239,GO:0051240,GO:0051259,GO:0051260,GO:0051262,GO:0051282,GO:0051283,GO:0051289,GO:0051480,GO:0051606,GO:0051641,GO:0051649,GO:0051716,GO:0051930,GO:0051931,GO:0051969,GO:0052129,GO:0055065,GO:0055074,GO:0055080,GO:0055082,GO:0055085,GO:0060089,GO:0060341,GO:0060401,GO:0060402,GO:0061178,GO:0065003,GO:0065007,GO:0065008,GO:0070201,GO:0070417,GO:0070588,GO:0070838,GO:0070887,GO:0071241,GO:0071244,GO:0071310,GO:0071312,GO:0071313,GO:0071407,GO:0071415,GO:0071417,GO:0071466,GO:0071495,GO:0071840,GO:0071944,GO:0072347,GO:0072503,GO:0072507,GO:0072511,GO:0090087,GO:0090276,GO:0090277,GO:0097458,GO:0097553,GO:0097603,GO:0097604,GO:0098590,GO:0098655,GO:0098660,GO:0098662,GO:0098771,GO:0098796,GO:0098862,GO:0098900,GO:0098908,GO:0099094,GO:0099604,GO:0120025,GO:1901698,GO:1901699,GO:1901700,GO:1901701,GO:1902495,GO:1902531,GO:1902533,GO:1903522,GO:1903530,GO:1903532,GO:1903793,GO:1904058,GO:1904951,GO:1990351,GO:1990760
A42: TRINITY_DN180807_c0_g1 | B42: 269.14876 | C42: -3.0117715 | D42: 0.48141456 | E42: -6.2560873 | F42: 3.9475584e-10 | G42: 3.3562454e-07 | H42: - | I42: =VLOOKUP(A42,TableS5!A:J,9,FALSE) -> Predicted protein (Fragment) | J42: -
A43: TRINITY_DN186003_c0_g4 | B43: 124.2689 | C43: -6.3100123 | D43: 1.0143803 | E43: -6.2205587 | F43: 4.9538769e-10 | G43: 4.0513749e-07 | H43: =VLOOKUP(A43,TableS5!A:J,8,FALSE) -> K01315 | I43: =VLOOKUP(A43,TableS5!A:J,9,FALSE) -> plasminogen-like | J43: -
A44: TRINITY_DN169864_c0_g2 | B44: 1396.7912 | C44: -7.6611399 | D44: 1.2563825 | E44: -6.0977769 | F44: 1.0755371e-09 | G44: 8.2462007e-07 | H44: - | I44: =VLOOKUP(A44,TableS5!A:J,9,FALSE) -> Predicted protein (Fragment) | J44: -
A45: TRINITY_DN166176_c0_g1 | B45: 62.408687 | C45: -4.9745927 | D45: 0.82116942 | E45: -6.0579371 | F45: 1.3787831e-09 | G45: 9.866457e-07 | H45: K09413,K09401 | I45: Forkhead box 2b1 protein; sequence-specific DNA binding | J45: -
A46: TRINITY_DN201890_c1_g2 | B46: 218.221 | C46: -2.7402227 | D46: 0.45508885 | E46: -6.0212918 | F46: 1.730305e-09 | G46: 1.2178936e-06 | H46: - | I46: protein very KIND-like; cerebellar granular layer formation | J46: GO:0001932,GO:0001934,GO:0003674,GO:0005085,GO:0005088,GO:0005488,GO:0005515,GO:0005575,GO:0005622,GO:0005623,GO:0007275,GO:0007399,GO:0007417,GO:0007420,GO:0008150,GO:0009653,GO:0009893,GO:0009987,GO:0010562,GO:0010604,GO:0010769,GO:0010975,GO:0017016,GO:0019220,GO:0019222,GO:0019899,GO:0021533,GO:0021549,GO:0021575,GO:0021587,GO:0021681,GO:0021683,GO:0021684,GO:0021695,GO:0021696,GO:0021697,GO:0021707,GO:0021953,GO:0022008,GO:0022037,GO:0022603,GO:0022604,GO:0030154,GO:0030182,GO:0030425,GO:0030902,GO:0031267,GO:0031323,GO:0031325,GO:0031344,GO:0031399,GO:0031401,GO:0032045,GO:0032268,GO:0032270,GO:0032501,GO:0032502,GO:0032991,GO:0036477,GO:0042325,GO:0042327,GO:0042995,GO:0043005,GO:0043025,GO:0044297,GO:0044424,GO:0044463,GO:0044464,GO:0045595,GO:0045664,GO:0045937,GO:0048513,GO:0048518,GO:0048522,GO:0048646,GO:0048699,GO:0048731,GO:0048814,GO:0048856,GO:0048869,GO:0050767,GO:0050773,GO:0050789,GO:0050793,GO:0050794,GO:0051020,GO:0051128,GO:0051171,GO:0051173,GO:0051174,GO:0051239,GO:0051246,GO:0051247,GO:0051960,GO:0060255,GO:0060284,GO:0060322,GO:0065007,GO:0065009,GO:0080090,GO:0097447,GO:0097458,GO:0098772,GO:0120025,GO:0120035,GO:0120038,GO:2000026
A47: TRINITY_DN180807_c0_g4 | B47: 71.180548 | C47: -2.7618544 | D47: 0.45891374 | E47: -6.018243 | F47: 1.7632038e-09 | G47: 1.23096e-06 | H47: - | I47: =VLOOKUP(A47,TableS5!A:J,9,FALSE) -> Predicted protein (Fragment) | J47: -
A48: TRINITY_DN172634_c0_g1 | B48: 40.871311 | C48: -4.8301067 | D48: 0.80369384 | E48: -6.0098839 | F48: 1.8565618e-09 | G48: 1.2753985e-06 | H48: - | I48: =VLOOKUP(A48,TableS5!A:J,9,FALSE) -> Predicted protein | J48: -
A49: TRINITY_DN188891_c1_g2 | B49: 65.741587 | C49: -4.2914531 | D49: 0.71635625 | E49: -5.990669 | F49: 2.0897962e-09 | G49: 1.3911077e-06 | H49: K17495 | I49: =VLOOKUP(A49,TableS5!A:J,9,FALSE) -> sushi, von Willebrand factor type A, EGF and pentraxin domain-containing protein 1-like | J49: -
A50: TRINITY_DN184015_c0_g1 | B50: 67.404174 | C50: -2.8799122 | D50: 0.48102585 | E50: -5.9870216 | F50: 2.1371837e-09 | G50: 1.4117085e-06 | H50: K14611 | I50: sodium-dependent L-ascorbate transmembrane transporter activity | J50: GO:0003674,GO:0005215,GO:0005342,GO:0005343,GO:0005402,GO:0005575,GO:0005622,GO:0005623,GO:0005737,GO:0005886,GO:0005887,GO:0005903,GO:0005975,GO:0005996,GO:0006082,GO:0006139,GO:0006725,GO:0006732,GO:0006766,GO:0006767,GO:0006807,GO:0006810,GO:0006811,GO:0006812,GO:0006814,GO:0006820,GO:0006950,GO:0006979,GO:0007275,GO:0007399,GO:0007417,GO:0007420,GO:0008150,GO:0008152,GO:0008324,GO:0008509,GO:0008514,GO:0008520,GO:0008643,GO:0009636,GO:0009925,GO:0009987,GO:0015075,GO:0015077,GO:0015081,GO:0015144,GO:0015145,GO:0015205,GO:0015229,GO:0015291,GO:0015293,GO:0015294,GO:0015318,GO:0015370,GO:0015672,GO:0015711,GO:0015749,GO:0015849,GO:0015851,GO:0015882,GO:0016020,GO:0016021,GO:0016323,GO:0016324,GO:0019752,GO:0019852,GO:0022804,GO:0022857,GO:0022890,GO:0030001,GO:0030323,GO:0030324,GO:0031224,GO:0031226,GO:0032501,GO:0032502,GO:0033300,GO:0034219,GO:0034220,GO:0034641,GO:0035295,GO:0035461,GO:0035725,GO:0042221,GO:0043226,GO:0043229,GO:0043436,GO:0044237,GO:0044238,GO:0044281,GO:0044424,GO:0044425,GO:0044459,GO:0044464,GO:0045177,GO:0045178,GO:0046483,GO:0046873,GO:0046942,GO:0046943,GO:0048513,GO:0048731,GO:0048856,GO:0050896,GO:0051119,GO:0051179,GO:0051180,GO:0051181,GO:0051182,GO:0051184,GO:0051185,GO:0051186,GO:0051234,GO:0055085,GO:0060322,GO:0060541,GO:0070633,GO:0070837,GO:0070890,GO:0070904,GO:0071702,GO:0071704,GO:0071705,GO:0071944,GO:0090482,GO:0098590,GO:0098655,GO:0098656,GO:0098660,GO:0098662,GO:0098862,GO:1901360,GO:1903825,GO:1905039
A51: TRINITY_DN198417_c1_g3 | B51: 83.778563 | C51: -5.3493187 | D51: 0.8995959 | E51: -5.9463574 | F51: 2.7417523e-09 | G51: 1.7315992e-06 | H51: - | I51: =VLOOKUP(A51,TableS5!A:J,9,FALSE) -> Predicted protein | J51: -
A52: TRINITY_DN169377_c0_g1 | B52: 80.019414 | C52: -3.1976574 | D52: 0.53805227 | E52: -5.9430238 | F52: 2.7981178e-09 | G52: 1.7411389e-06 | H52: - | I52: =VLOOKUP(A52,TableS5!A:J,9,FALSE) -> Predicted protein (Fragment) | J52: -
A53: TRINITY_DN191091_c3_g8 | B53: 68.011377 | C53: -4.0461807 | D53: 0.68228019 | E53: -5.9303799 | F53: 3.0223464e-09 | G53: 1.8406518e-06 | H53: - | I53: - | J53: -
A54: TRINITY_DN201110_c0_g1 | B54: 4855.9657 | C54: -2.8482863 | D54: 0.48166569 | E54: -5.9134093 | F54: 3.3509808e-09 | G54: 1.9982783e-06 | H54: K14453,K14704 | I54: solute carrier family 26 member 6-like; secondary active sulfate transmembrane transporter activity | J54: GO:0003674,GO:0005215,GO:0005216,GO:0005253,GO:0005254,GO:0005310,GO:0005342,GO:0005452,GO:0005575,GO:0005623,GO:0005886,GO:0005887,GO:0006810,GO:0006811,GO:0006812,GO:0006816,GO:0006820,GO:0006821,GO:0006835,GO:0006855,GO:0006873,GO:0006885,GO:0008028,GO:0008150,GO:0008272,GO:0008324,GO:0008509,GO:0008514,GO:0009987,GO:0015075,GO:0015085,GO:0015103,GO:0015106,GO:0015108,GO:0015116,GO:0015238,GO:0015267,GO:0015291,GO:0015297,GO:0015301,GO:0015318,GO:0015499,GO:0015698,GO:0015701,GO:0015711,GO:0015718,GO:0015724,GO:0015849,GO:0015893,GO:0016020,GO:0016021,GO:0019531,GO:0019532,GO:0019725,GO:0022803,GO:0022804,GO:0022838,GO:0022857,GO:0022890,GO:0030001,GO:0030003,GO:0030004,GO:0030641,GO:0031224,GO:0031226,GO:0034220,GO:0042221,GO:0042391,GO:0042493,GO:0042592,GO:0042891,GO:0042895,GO:0044425,GO:0044459,GO:0044464,GO:0046873,GO:0046942,GO:0046943,GO:0048878,GO:0050801,GO:0050896,GO:0051179,GO:0051234,GO:0051453,GO:0055067,GO:0055080,GO:0055082,GO:0055085,GO:0065007,GO:0065008,GO:0070588,GO:0070838,GO:0071702,GO:0071944,GO:0072348,GO:0072511,GO:0098655,GO:0098656,GO:0098660,GO:0098661,GO:0098662,GO:0098771,GO:0099516,GO:1901682,GO:1902358,GO:1902476,GO:1903825,GO:1905039
A55: TRINITY_DN166659_c0_g2 | B55: 97.460679 | C55: -3.4018072 | D55: 0.57830374 | E55: -5.8823884 | F55: 4.0438808e-09 | G55: 2.3305509e-06 | H55: =VLOOKUP(A55,TableS5!A:J,8,FALSE) -> K07998 | I55: =VLOOKUP(A55,TableS5!A:J,9,FALSE) -> Forkhead box 2b1 protein | J55: -
A56: TRINITY_DN200634_c2_g8 | B56: 414.15179 | C56: -2.5810574 | D56: 0.44009243 | E56: -5.8648075 | F56: 4.4965393e-09 | G56: 2.5741488e-06 | H56: - | I56: =VLOOKUP(A56,TableS5!A:J,9,FALSE) -> Predicted protein | J56: -
A57: TRINITY_DN173950_c1_g1 | B57: 97.073037 | C57: -4.5433178 | D57: 0.7749493 | E57: -5.8627291 | F57: 4.5532072e-09 | G57: 2.5893275e-06 | H57: K14387 | I57: high affinity choline transporter 1-like isoform X1; Belongs to the sodium solute symporter (SSF) (TC 2.A.21) family | J57: -
A58: TRINITY_DN192685_c0_g3 | B58: 334.60254 | C58: -3.3571944 | D58: 0.57401318 | E58: -5.8486365 | F58: 4.9561882e-09 | G58: 2.7457602e-06 | H58: =VLOOKUP(A58,TableS5!A:J,8,FALSE) -> K08132 | I58: collagen alpha-1(XII) chain-like; von Willebrand factor (vWF) type A domain | J58: -
A59: TRINITY_DN172040_c0_g2 | B59: 65.490822 | C59: -2.4140927 | D59: 0.41377375 | E59: -5.8343303 | F59: 5.4007053e-09 | G59: 2.9728459e-06 | H59: =VLOOKUP(A59,TableS5!A:J,8,FALSE) -> K02599 | I59: neurogenic locus notch homolog protein | J59: -
A60: TRINITY_DN171021_c0_g1 | B60: 71.44719 | C60: -4.0777614 | D60: 0.70180218 | E60: -5.8104142 | F60: 6.231846e-09 | G60: 3.3238189e-06 | H60: - | I60: =VLOOKUP(A60,TableS5!A:J,9,FALSE) -> Predicted protein (Fragment) | J60: -
A61: TRINITY_DN185922_c0_g1 | B61: 537.75897 | C61: -2.6916901 | D61: 0.46399798 | E61: -5.8010814 | F61: 6.5888612e-09 | G61: 3.4499518e-06 | H61: K00512,K17813,K07409 | I61: cytochrome P450 | J61: -
A62: TRINITY_DN188246_c0_g1 | B62: 375.26951 | C62: -2.6938022 | D62: 0.46614 | E62: -5.7789554 | F62: 7.516586e-09 | G62: 3.7526556e-06 | H62: 0 | I62: histidine N-acetyltransferase activity;Euphy | J62: -
A63: TRINITY_DN201110_c0_g3 | B63: 70.586023 | C63: -2.9050368 | D63: 0.50327839 | E63: -5.7722264 | F63: 7.8230901e-09 | G63: 3.8607849e-06 | H63: =VLOOKUP(A63,TableS5!A:J,8,FALSE) -> K14704 | I63: =VLOOKUP(A63,TableS5!A:J,9,FALSE) -> solute carrier family 26 member 6-like | J63: -
A64: TRINITY_DN175843_c1_g1 | B64: 9888.1299 | C64: -2.7551216 | D64: 0.48141148 | E64: -5.7230077 | F64: 1.046545e-08 | G64: 4.9461576e-06 | H64: K13443 | I64: intracellular cholesterol transport | J64: GO:0000323,GO:0001775,GO:0002252,GO:0002263,GO:0002274,GO:0002275,GO:0002283,GO:0002366,GO:0002376,GO:0002443,GO:0002444,GO:0002446,GO:0003674,GO:0005215,GO:0005319,GO:0005488,GO:0005496,GO:0005515,GO:0005575,GO:0005576,GO:0005622,GO:0005623,GO:0005737,GO:0005764,GO:0005766,GO:0005773,GO:0005775,GO:0006810,GO:0006811,GO:0006820,GO:0006869,GO:0006887,GO:0006955,GO:0008150,GO:0008289,GO:0009605,GO:0009607,GO:0009615,GO:0009987,GO:0010876,GO:0012505,GO:0015248,GO:0015485,GO:0015711,GO:0015748,GO:0015850,GO:0015914,GO:0015918,GO:0016192,GO:0017127,GO:0019216,GO:0019222,GO:0019747,GO:0019899,GO:0030141,GO:0030301,GO:0031323,GO:0031410,GO:0031974,GO:0031982,GO:0031983,GO:0032365,GO:0032366,GO:0032367,GO:0032501,GO:0032934,GO:0032940,GO:0033036,GO:0033344,GO:0034381,GO:0034383,GO:0034774,GO:0035578,GO:0036094,GO:0036230,GO:0042119,GO:0042582,GO:0042592,GO:0042632,GO:0043178,GO:0043202,GO:0043207,GO:0043226,GO:0043227,GO:0043229,GO:0043231,GO:0043233,GO:0043299,GO:0043312,GO:0044422,GO:0044424,GO:0044433,GO:0044437,GO:0044444,GO:0044446,GO:0044464,GO:0045055,GO:0045321,GO:0046836,GO:0046903,GO:0046907,GO:0048878,GO:0050789,GO:0050794,GO:0050896,GO:0051179,GO:0051234,GO:0051641,GO:0051649,GO:0051704,GO:0051707,GO:0055088,GO:0055092,GO:0060205,GO:0065007,GO:0065008,GO:0070013,GO:0071702,GO:0080090,GO:0097006,GO:0097159,GO:0097708,GO:0099503,GO:1901264
A65: TRINITY_DN189455_c2_g3 | B65: 194.84689 | C65: -4.0120205 | D65: 0.70269189 | E65: -5.7095017 | F65: 1.1330743e-08 | G65: 5.2879469e-06 | H65: K08630,K08632,K08621 | I65: A disintegrin and metalloproteinase with thrombospondin motifs | J65: GO:0000003,GO:0001654,GO:0001655,GO:0001657,GO:0001658,GO:0001763,GO:0001822,GO:0001823,GO:0002009,GO:0003008,GO:0003013,GO:0003073,GO:0007162,GO:0007275,GO:0007276,GO:0007423,GO:0008015,GO:0008150,GO:0008217,GO:0009653,GO:0009887,GO:0009888,GO:0010543,GO:0010544,GO:0019953,GO:0022407,GO:0022408,GO:0022414,GO:0030155,GO:0030193,GO:0030195,GO:0031344,GO:0032101,GO:0032102,GO:0032501,GO:0032502,GO:0032504,GO:0033043,GO:0034110,GO:0034111,GO:0035239,GO:0035295,GO:0044087,GO:0044703,GO:0048232,GO:0048513,GO:0048519,GO:0048523,GO:0048583,GO:0048585,GO:0048609,GO:0048729,GO:0048731,GO:0048754,GO:0048856,GO:0050789,GO:0050794,GO:0050818,GO:0050819,GO:0050865,GO:0050866,GO:0050878,GO:0051128,GO:0051239,GO:0051241,GO:0051704,GO:0060429,GO:0060491,GO:0060562,GO:0060675,GO:0060993,GO:0061041,GO:0061045,GO:0061138,GO:0061326,GO:0061333,GO:0065007,GO:0065008,GO:0072001,GO:0072006,GO:0072009,GO:0072028,GO:0072073,GO:0072078,GO:0072080,GO:0072088,GO:0072163,GO:0072164,GO:0072171,GO:0080134,GO:0090330,GO:0090331,GO:0120032,GO:0120035,GO:1900046,GO:1900047,GO:1902017,GO:1902115,GO:1903034,GO:1903035
A66: TRINITY_DN184969_c0_g1 | B66: 64.977934 | C66: -3.6439617 | D66: 0.63854909 | E66: -5.7066274 | F66: 1.1523667e-08 | G66: 5.3489127e-06 | H66: K04218,K04135 | I66: G-protein coupled receptor activity; growth hormone secretagogue receptor type 1-like | J66: -
A67: TRINITY_DN196229_c3_g9 | B67: 107.13871 | C67: -5.0936138 | D67: 0.89275045 | E67: -5.7055292 | F67: 1.1598215e-08 | G67: 5.3545714e-06 | H67: K06255,K06763 | I67: heparan sulfate proteoglycan | J67: GO:0000323,GO:0000902,GO:0000904,GO:0001523,GO:0002119,GO:0002164,GO:0003674,GO:0005102,GO:0005178,GO:0005198,GO:0005488,GO:0005515,GO:0005575,GO:0005576,GO:0005604,GO:0005622,GO:0005623,GO:0005737,GO:0005764,GO:0005773,GO:0005775,GO:0005794,GO:0005796,GO:0005886,GO:0006022,GO:0006023,GO:0006024,GO:0006026,GO:0006027,GO:0006629,GO:0006720,GO:0006721,GO:0006807,GO:0006810,GO:0006897,GO:0006898,GO:0006928,GO:0006935,GO:0006950,GO:0006952,GO:0006954,GO:0006996,GO:0007010,GO:0007044,GO:0007154,GO:0007163,GO:0007165,GO:0007166,GO:0007167,GO:0007169,GO:0007275,GO:0007399,GO:0007409,GO:0007411,GO:0007414,GO:0007415,GO:0007417,GO:0007420,GO:0007517,GO:0008022,GO:0008037,GO:0008038,GO:0008045,GO:0008150,GO:0008152,GO:0008543,GO:0009056,GO:0009057,GO:0009058,GO:0009059,GO:0009605,GO:0009653,GO:0009719,GO:0009790,GO:0009791,GO:0009792,GO:0009887,GO:0009892,GO:0009966,GO:0009967,GO:0009987,GO:0010033,GO:0010605,GO:0010646,GO:0010647,GO:0010927,GO:0010941,GO:0012505,GO:0016020,GO:0016043,GO:0016101,GO:0016192,GO:0016477,GO:0016525,GO:0019222,GO:0019538,GO:0022008,GO:0022603,GO:0022607,GO:0022612,GO:0023051,GO:0023052,GO:0023056,GO:0030011,GO:0030029,GO:0030030,GO:0030036,GO:0030154,GO:0030182,GO:0030198,GO:0030203,GO:0030239,GO:0031012,GO:0031032,GO:0031175,GO:0031581,GO:0031974,GO:0032501,GO:0032502,GO:0032989,GO:0032990,GO:0032991,GO:0034329,GO:0034330,GO:0035088,GO:0035090,GO:0035295,GO:0040011,GO:0040012,GO:0040017,GO:0042221,GO:0042330,GO:0042493,GO:0042692,GO:0043062,GO:0043170,GO:0043202,GO:0043226,GO:0043227,GO:0043228,GO:0043229,GO:0043231,GO:0043232,GO:0043233,GO:0043292,GO:0043900,GO:0043902,GO:0044085,GO:0044237,GO:0044238,GO:0044255,GO:0044260,GO:0044267,GO:0044344,GO:0044421,GO:0044422,GO:0044424,GO:0044425,GO:0044431,GO:0044437,GO:0044444,GO:0044446,GO:0044449,GO:0044459,GO:0044464,GO:0044877,GO:0045197,GO:0045199,GO:0045765,GO:0048468,GO:0048513,GO:0048518,GO:0048519,GO:0048522,GO:0048523,GO:0048565,GO:0048583,GO:0048584,GO:0048644,GO:0048646,GO:0048666,GO:0048667,GO:0048699,GO:0048731,GO:0048732,GO:0048812,GO:0048856,GO:0048858,GO:0048869,GO:0048870,GO:0050750,GO:0050789,GO:0050793,GO:0050794,GO:0050839,GO:0050896,GO:0051093,GO:0051128,GO:0051129,GO:0051146,GO:0051171,GO:0051172,GO:0051179,GO:0051234,GO:0051239,GO:0051240,GO:0051241,GO:0051246,GO:0051248,GO:0051674,GO:0051716,GO:0055001,GO:0055002,GO:0055120,GO:0055123,GO:0060255,GO:0060278,GO:0060279,GO:0060322,GO:0060465,GO:0060548,GO:0061061,GO:0061245,GO:0061564,GO:0062023,GO:0065007,GO:0070013,GO:0070325,GO:0070848,GO:0070887,GO:0070925,GO:0071310,GO:0071363,GO:0071495,GO:0071704,GO:0071774,GO:0071840,GO:0071944,GO:0072347,GO:0072358,GO:0072359,GO:0080090,GO:0097435,GO:0097485,GO:0098657,GO:0098796,GO:0098797,GO:0099080,GO:0099081,GO:0099512,GO:0120036,GO:0120039,GO:1901135,GO:1901136,GO:1901137,GO:1901342,GO:1901343,GO:1901564,GO:1901565,GO:1901566,GO:1901575,GO:1901576,GO:1902903,GO:1902904,GO:1905905,GO:1905906,GO:1905907,GO:2000026,GO:2000181,GO:2000241,GO:2000243,GO:2001260,GO:2001262
A68: TRINITY_DN174974_c0_g1 | B68: 68.586352 | C68: -8.4840299 | D68: 1.4935899 | E68: -5.6802942 | F68: 1.3446324e-08 | G68: 5.9518004e-06 | H68: K08614,K06540 | I68: Disintegrin and metalloproteinase domain-containing protein 28 | J68: GO:0000003,GO:0003674,GO:0003824,GO:0005575,GO:0005576,GO:0005622,GO:0005623,GO:0005737,GO:0005739,GO:0005886,GO:0006508,GO:0006807,GO:0007276,GO:0007283,GO:0008150,GO:0008152,GO:0008233,GO:0008237,GO:0016020,GO:0016787,GO:0019538,GO:0019953,GO:0022414,GO:0032501,GO:0032504,GO:0043170,GO:0043226,GO:0043227,GO:0043229,GO:0043231,GO:0044238,GO:0044424,GO:0044444,GO:0044464,GO:0044703,GO:0048232,GO:0048609,GO:0051704,GO:0070011,GO:0071704,GO:0071944,GO:0140096,GO:1901564
A69: TRINITY_DN186702_c4_g4 | B69: 194.1568 | C69: -2.6341949 | D69: 0.46449282 | E69: -5.6711209 | F69: 1.4186626e-08 | G69: 6.152625e-06 | H69: K16342 | I69: C2 domain | J69: GO:0000003,GO:0000302,GO:0001542,GO:0001554,GO:0001676,GO:0001890,GO:0001893,GO:0001894,GO:0002237,GO:0002673,GO:0002675,GO:0003006,GO:0003674,GO:0003824,GO:0004620,GO:0004622,GO:0004623,GO:0005488,GO:0005509,GO:0005515,GO:0005543,GO:0005544,GO:0005575,GO:0005622,GO:0005623,GO:0005634,GO:0005737,GO:0005739,GO:0005740,GO:0005743,GO:0005783,GO:0005789,GO:0005794,GO:0005811,GO:0005829,GO:0006082,GO:0006575,GO:0006629,GO:0006631,GO:0006644,GO:0006650,GO:0006654,GO:0006658,GO:0006663,GO:0006690,GO:0006793,GO:0006796,GO:0006807,GO:0006810,GO:0006811,GO:0006820,GO:0006869,GO:0006950,GO:0006979,GO:0007275,GO:0007276,GO:0007292,GO:0007548,GO:0007565,GO:0007568,GO:0007584,GO:0008150,GO:0008152,GO:0008284,GO:0008289,GO:0008406,GO:0008585,GO:0008610,GO:0008654,GO:0008970,GO:0009058,GO:0009266,GO:0009408,GO:0009605,GO:0009607,GO:0009617,GO:0009628,GO:0009636,GO:0009719,GO:0009725,GO:0009888,GO:0009889,GO:0009891,GO:0009893,GO:0009987,GO:0009991,GO:0010033,GO:0010035,GO:0010038,GO:0010226,GO:0010243,GO:0010565,GO:0010638,GO:0010876,GO:0010941,GO:0010942,GO:0012505,GO:0014070,GO:0015711,GO:0015718,GO:0015849,GO:0015908,GO:0015909,GO:0016020,GO:0016053,GO:0016298,GO:0016787,GO:0016788,GO:0017144,GO:0019216,GO:0019217,GO:0019222,GO:0019369,GO:0019637,GO:0019752,GO:0019866,GO:0019899,GO:0019953,GO:0022414,GO:0022602,GO:0030141,GO:0030278,GO:0030500,GO:0030501,GO:0030728,GO:0031090,GO:0031323,GO:0031325,GO:0031326,GO:0031328,GO:0031338,GO:0031340,GO:0031347,GO:0031349,GO:0031392,GO:0031394,GO:0031410,GO:0031620,GO:0031622,GO:0031650,GO:0031652,GO:0031667,GO:0031960,GO:0031966,GO:0031967,GO:0031975,GO:0031982,GO:0031984,GO:0032048,GO:0032101,GO:0032103,GO:0032309,GO:0032496,GO:0032501,GO:0032502,GO:0032504,GO:0032787,GO:0032879,GO:0033036,GO:0033043,GO:0033273,GO:0033280,GO:0033559,GO:0033993,GO:0035035,GO:0035965,GO:0036148,GO:0036149,GO:0036150,GO:0036151,GO:0036152,GO:0042127,GO:0042175,GO:0042221,GO:0042304,GO:0042493,GO:0042542,GO:0042588,GO:0042592,GO:0042698,GO:0042981,GO:0043065,GO:0043067,GO:0043068,GO:0043129,GO:0043167,GO:0043168,GO:0043169,GO:0043207,GO:0043226,GO:0043227,GO:0043228,GO:0043229,GO:0043231,GO:0043232,GO:0043436,GO:0044237,GO:0044238,GO:0044249,GO:0044255,GO:0044281,GO:0044283,GO:0044422,GO:0044424,GO:0044425,GO:0044429,GO:0044432,GO:0044444,GO:0044446,GO:0044464,GO:0044703,GO:0044706,GO:0045017,GO:0045137,GO:0045723,GO:0045778,GO:0045834,GO:0045923,GO:0046394,GO:0046456,GO:0046469,GO:0046470,GO:0046471,GO:0046473,GO:0046474,GO:0046486,GO:0046488,GO:0046545,GO:0046660,GO:0046677,GO:0046697,GO:0046717,GO:0046872,GO:0046889,GO:0046890,GO:0046903,GO:0046942,GO:0047498,GO:0048471,GO:0048511,GO:0048513,GO:0048518,GO:0048522,GO:0048545,GO:0048583,GO:0048584,GO:0048608,GO:0048609,GO:0048731,GO:0048856,GO:0048871,GO:0048875,GO:0048878,GO:0050482,GO:0050727,GO:0050729,GO:0050789,GO:0050793,GO:0050794,GO:0050896,GO:0051049,GO:0051050,GO:0051094,GO:0051128,GO:0051130,GO:0051179,GO:0051234,GO:0051239,GO:0051240,GO:0051384,GO:0051592,GO:0051597,GO:0051704,GO:0051707,GO:0051716,GO:0052689,GO:0060135,GO:0060249,GO:0060627,GO:0061458,GO:0062012,GO:0062013,GO:0065007,GO:0065008,GO:0070167,GO:0070169,GO:0070887,GO:0071236,GO:0071702,GO:0071704,GO:0071715,GO:0080090,GO:0080134,GO:0090407,GO:0097164,GO:0097708,GO:0098827,GO:0099503,GO:1901564,GO:1901566,GO:1901568,GO:1901570,GO:1901571,GO:1901576,GO:1901698,GO:1901700,GO:1903963,GO:2000026,GO:2001279,GO:2001280
A70: TRINITY_DN168315_c0_g1 | B70: 86.762586 | C70: -4.2319634 | D70: 0.74992323 | E70: -5.6431955 | F70: 1.6692264e-08 | G70: 7.0263794e-06 | H70: - | I70: =VLOOKUP(A70,TableS5!A:J,9,FALSE) -> Forkhead box 2b1 protein | J70: -
A71: TRINITY_DN183568_c0_g1 | B71: 55.073974 | C71: -3.4604775 | D71: 0.61449865 | E71: -5.6313834 | F71: 1.787698e-08 | G71: 7.4883616e-06 | H71: K21392,K08638 | I71: AE binding protein 1 | J71: -
A72: TRINITY_DN171762_c1_g3 | B72: 91.869321 | C72: -5.4581668 | D72: 0.97066462 | E72: -5.6231232 | F72: 1.875355e-08 | G72: 7.6322399e-06 | H72: K09072,K09070 | I72: branchiomeric skeletal muscle development | J72: GO:0000122,GO:0000976,GO:0000977,GO:0000980,GO:0000981,GO:0001012,GO:0001067,GO:0001158,GO:0001206,GO:0001227,GO:0003674,GO:0003676,GO:0003677,GO:0003690,GO:0003700,GO:0003705,GO:0003712,GO:0003714,GO:0005488,GO:0005575,GO:0005622,GO:0005623,GO:0005634,GO:0005654,GO:0006139,GO:0006351,GO:0006355,GO:0006357,GO:0006366,GO:0006725,GO:0006807,GO:0007275,GO:0007517,GO:0007519,GO:0008150,GO:0008152,GO:0009058,GO:0009059,GO:0009888,GO:0009889,GO:0009890,GO:0009892,GO:0009987,GO:0010033,GO:0010467,GO:0010468,GO:0010556,GO:0010558,GO:0010605,GO:0010629,GO:0014706,GO:0014707,GO:0016070,GO:0018130,GO:0019219,GO:0019222,GO:0019438,GO:0031323,GO:0031324,GO:0031326,GO:0031327,GO:0031974,GO:0031981,GO:0032501,GO:0032502,GO:0032774,GO:0034097,GO:0034641,GO:0034645,GO:0034654,GO:0035326,GO:0042221,GO:0043170,GO:0043226,GO:0043227,GO:0043229,GO:0043231,GO:0043233,GO:0043565,GO:0044212,GO:0044237,GO:0044238,GO:0044249,GO:0044260,GO:0044271,GO:0044422,GO:0044424,GO:0044428,GO:0044446,GO:0044464,GO:0045892,GO:0045934,GO:0046483,GO:0048513,GO:0048519,GO:0048523,GO:0048731,GO:0048856,GO:0050789,GO:0050794,GO:0050896,GO:0051171,GO:0051172,GO:0051252,GO:0051253,GO:0051716,GO:0060021,GO:0060255,GO:0060537,GO:0060538,GO:0060539,GO:0060541,GO:0061061,GO:0065007,GO:0070013,GO:0070887,GO:0071310,GO:0071345,GO:0071704,GO:0080090,GO:0090304,GO:0097159,GO:0097659,GO:0140110,GO:1901360,GO:1901362,GO:1901363,GO:1901576,GO:1902679,GO:1903506,GO:1903507,GO:1990823,GO:1990830,GO:1990837,GO:2000112,GO:2000113,GO:2001141
A73: TRINITY_DN193685_c0_g2 | B73: 2081.1565 | C73: -6.9451368 | D73: 1.2354006 | E73: -5.6217692 | F73: 1.8901167e-08 | G73: 7.6559532e-06 | H73: K06254,K06825 | I73: Fibrillin; calcium ion binding | J73: -
A74: TRINITY_DN192838_c2_g3 | B74: 90.701537 | C74: -3.5052619 | D74: 0.62411414 | E74: -5.6163795 | F74: 1.9500009e-08 | G74: 7.8246974e-06 | H74: K13868 | I74: L-alpha-amino acid transmembrane transport | J74: GO:0000099,GO:0000101,GO:0002376,GO:0003333,GO:0003674,GO:0003823,GO:0005215,GO:0005342,GO:0005488,GO:0005575,GO:0005623,GO:0005886,GO:0005887,GO:0005903,GO:0006810,GO:0006811,GO:0006820,GO:0006865,GO:0006928,GO:0008150,GO:0008509,GO:0008514,GO:0009987,GO:0015075,GO:0015171,GO:0015175,GO:0015179,GO:0015184,GO:0015291,GO:0015297,GO:0015318,GO:0015711,GO:0015804,GO:0015807,GO:0015811,GO:0015849,GO:0016020,GO:0016021,GO:0016043,GO:0016324,GO:0016477,GO:0022607,GO:0022804,GO:0022857,GO:0031224,GO:0031226,GO:0031253,GO:0031526,GO:0033218,GO:0034220,GO:0040011,GO:0042277,GO:0042605,GO:0042995,GO:0043933,GO:0044085,GO:0044425,GO:0044459,GO:0044463,GO:0044464,GO:0045177,GO:0046942,GO:0046943,GO:0048870,GO:0050900,GO:0051179,GO:0051234,GO:0051674,GO:0055085,GO:0065003,GO:0071702,GO:0071705,GO:0071840,GO:0071944,GO:0072337,GO:0072348,GO:0072349,GO:0098590,GO:0098656,GO:0098862,GO:0120025,GO:0120038,GO:1901682,GO:1902475,GO:1903825,GO:1905039
A75: TRINITY_DN185324_c3_g4 | B75: 248.0312 | C75: -2.8317766 | D75: 0.50503866 | E75: -5.6070492 | F75: 2.0580518e-08 | G75: 8.1818041e-06 | H75: K13624,K14735 | I75: oxidoreductase activity, oxidizing metal ions, oxygen as acceptor | J75: GO:0000041,GO:0003674,GO:0003824,GO:0004322,GO:0005488,GO:0005506,GO:0005507,GO:0005575,GO:0005622,GO:0005623,GO:0005737,GO:0005886,GO:0006810,GO:0006811,GO:0006812,GO:0006826,GO:0008150,GO:0008152,GO:0008198,GO:0016020,GO:0016323,GO:0016491,GO:0016722,GO:0016724,GO:0030001,GO:0043167,GO:0043169,GO:0044424,GO:0044425,GO:0044444,GO:0044459,GO:0044464,GO:0046872,GO:0046914,GO:0048471,GO:0051179,GO:0051234,GO:0055114,GO:0071944,GO:0098590
A76: TRINITY_DN181047_c0_g1 | B76: 44.147169 | C76: -4.228935 | D76: 0.75514762 | E76: -5.6001435 | F76: 2.141744e-08 | G76: 8.4364081e-06 | H76: - | I76: =VLOOKUP(A76,TableS5!A:J,9,FALSE) -> Predicted protein (Fragment) | J76: -
A77: TRINITY_DN164306_c0_g1 | B77: 249.39995 | C77: -2.7760983 | D77: 0.49674533 | E77: -5.5885745 | F77: 2.2894117e-08 | G77: 8.9768983e-06 | H77: - | I77: - | J77: -
